0.000000000;0.000000000;0.000000000;-2.878975267;0.000047100;1.000000000;0.000000000
0.397567111;-0.383936999;-0.103208473;-2.878991361;0.000058500;1.000000000;0.000000000
0.795134165;-0.767875350;-0.206411695;-2.879002728;0.000070200;1.000000000;0.000000000
1.192700576;-1.151814019;-0.309611257;-2.879009246;0.000081600;1.000000000;0.000000000
1.590266073;-1.535752211;-0.412809070;-2.879010993;0.000092500;1.000000000;0.000000000
1.987830298;-1.919689130;-0.516006723;-2.879008087;0.000102900;1.000000000;0.000000000
2.385392709;-2.303623742;-0.619205967;-2.879000259;0.000113000;1.000000000;0.000000000
2.782953088;-2.687555331;-0.722408632;-2.878987757;0.000122600;1.000000000;0.000000000
3.180511003;-3.071483021;-0.825616309;-2.878970940;0.000131600;1.000000000;0.000000000
3.578066079;-3.455406018;-0.928830510;-2.878952080;0.000140000;1.000000000;0.000000000
3.975618470;-3.839324480;-1.032051235;-2.878933640;0.000147800;1.000000000;0.000000000
4.373168344;-4.223238646;-1.135278244;-2.878915786;0.000154900;1.000000000;0.000000000
4.770715737;-4.607148595;-1.238511380;-2.878898422;0.000161500;1.000000000;0.000000000
5.168260837;-4.991054566;-1.341750482;-2.878881698;0.000167400;1.000000000;0.000000000
5.565803815;-5.374956799;-1.444995312;-2.878865806;0.000172500;1.000000000;0.000000000
5.963344817;-5.758855531;-1.548245552;-2.878850429;0.000176900;1.000000000;0.000000000
6.360883998;-6.142750921;-1.651501202;-2.878835639;0.000179000;1.000000000;0.000000000
6.758421407;-6.526643129;-1.754761864;-2.878821560;0.000182300;1.000000000;0.000000000
7.155957255;-6.910532394;-1.858027458;-2.878808022;0.000185000;1.000000000;0.000000000
7.553491711;-7.294418954;-1.961297747;-2.878795097;0.000186900;1.000000000;0.000000000
7.951024885;-7.678302967;-2.064572570;-2.878782787;0.000188200;1.000000000;0.000000000
8.348556948;-8.062184674;-2.167851689;-2.878771282;0.000188700;1.000000000;0.000000000
8.746087971;-8.446064233;-2.271134786;-2.878760267;0.000188500;1.000000000;0.000000000
9.143618106;-8.829941803;-2.374421861;-2.878749821;0.000187500;1.000000000;0.000000000
9.541147655;-9.213817781;-2.477712595;-2.878740181;0.000185900;1.000000000;0.000000000
9.938676558;-9.597692169;-2.581006751;-2.878731006;0.000183700;1.000000000;0.000000000
10.336205022;-9.981565204;-2.684304247;-2.878722496;0.000180900;1.000000000;0.000000000
10.733733273;-10.365437205;-2.787604767;-2.878714695;0.000177300;1.000000000;0.000000000
11.131261346;-10.749308251;-2.890908151;-2.878707385;0.000173100;1.000000000;0.000000000
11.528789431;-11.133178581;-2.994214240;-2.878700812;0.000168300;1.000000000;0.000000000
11.926317676;-11.517048434;-3.097522715;-2.878694850;0.000163000;1.000000000;0.000000000
12.323846212;-11.900917968;-3.200833498;-2.878689501;0.000157200;1.000000000;0.000000000
12.721375189;-12.284787423;-3.304146270;-2.878684793;0.000150700;1.000000000;0.000000000
13.118904815;-12.668657037;-3.407460951;-2.878680672;0.000143700;1.000000000;0.000000000
13.516435086;-13.052526890;-3.510777223;-2.878677235;0.000136200;1.000000000;0.000000000
13.913966189;-13.436397220;-3.614094927;-2.878674366;0.000128400;1.000000000;0.000000000
14.311498392;-13.820268346;-3.717413904;-2.878672206;0.000120000;1.000000000;0.000000000
14.709031688;-14.204140347;-3.820733836;-2.878670633;0.000111200;1.000000000;0.000000000
15.106566286;-14.588013461;-3.924054643;-2.878669604;0.000102000;1.000000000;0.000000000
15.504102356;-14.971887928;-4.027376086;-2.878669259;0.000092400;1.000000000;0.000000000
15.901639913;-15.355763827;-4.130697927;-2.878669551;0.000082500;1.000000000;0.000000000
16.299179298;-15.739641556;-4.234020007;-2.878670485;0.000072200;1.000000000;0.000000000
16.696720528;-16.123521195;-4.337342086;-2.878672101;0.000061600;1.000000000;0.000000000
17.094263769;-16.507402981;-4.440663927;-2.878674328;0.000050600;1.000000000;0.000000000
17.491809134;-16.891287074;-4.543985371;-2.878677075;0.000039400;1.000000000;0.000000000
17.889356813;-17.275173713;-4.647306257;-2.878680435;0.000027900;1.000000000;0.000000000
18.286906899;-17.659063058;-4.750626348;-2.878684529;0.000016200;1.000000000;0.000000000
18.684459633;-18.042955425;-4.853945404;-2.878689236;0.000004100;1.000000000;0.000000000
19.082015055;-18.426850895;-4.957263268;-2.878694627;-0.000008100;1.000000000;0.000000000
19.479573309;-18.810749706;-5.060579619;-2.878700562;-0.000020600;1.000000000;0.000000000
19.877134628;-19.194652098;-5.163894459;-2.878707011;-0.000033300;1.000000000;0.000000000
20.274699082;-19.578558228;-5.267207470;-2.878714267;-0.000046200;1.000000000;0.000000000
20.672266840;-19.962468337;-5.370518412;-2.878722137;-0.000059000;1.000000000;0.000000000
21.069838014;-20.346382582;-5.473827126;-2.878730619;-0.000072500;1.000000000;0.000000000
21.467412772;-20.730301203;-5.577133374;-2.878739618;-0.000086000;1.000000000;0.000000000
21.864991248;-21.114224359;-5.680437076;-2.878749327;-0.000099000;1.000000000;0.000000000
22.262573568;-21.498152288;-5.783737834;-2.878759673;-0.000110800;1.000000000;0.000000000
22.660159963;-21.882085229;-5.887035649;-2.878770632;-0.000116700;1.000000000;0.000000000
23.057750485;-22.266023342;-5.990330123;-2.878782301;-0.000118100;1.000000000;0.000000000
23.455345341;-22.649966864;-6.093621176;-2.878794486;-0.000115500;1.000000000;0.000000000
23.852944625;-23.033915955;-6.196908569;-2.878807260;-0.000109100;1.000000000;0.000000000
24.250548448;-23.417870775;-6.300192143;-2.878820767;-0.000098900;1.000000000;0.000000000
24.648157035;-23.801831640;-6.403471580;-2.878834813;-0.000084200;1.000000000;0.000000000
25.045769305;-24.185797518;-6.506746562;-2.878848931;-0.000065600;1.000000000;0.000000000
25.443379815;-24.569763157;-6.610015657;-2.878862803;-0.000038900;1.000000000;0.000000000
25.840981950;-24.953722113;-6.713277354;-2.878876359;0.000003200;1.000000000;0.000000000
26.238569130;-25.337668022;-6.816529980;-2.878889526;0.000030500;1.000000000;0.000000000
26.636134838;-25.721594519;-6.919772106;-2.878902279;-0.000606200;1.000000000;0.000000000
27.033672416;-26.105495161;-7.023002059;-2.878914864;-0.003614500;1.000000000;0.000000000
27.431175457;-26.489363740;-7.126218249;-2.878926967;-0.007897000;1.000000000;0.000000000
27.828637292;-26.873193735;-7.229419243;-2.878938631;-0.013469400;1.000000000;0.000000000
28.226051341;-27.256978781;-7.332603372;-2.878950128;-0.020731000;1.000000000;0.000000000
28.623411119;-27.640712592;-7.435769043;-2.878961312;-0.028290800;1.000000000;0.000000000
29.020709914;-28.024388644;-7.538914666;-2.878972013;-0.035729600;1.000000000;0.000000000
29.417941363;-28.408000733;-7.642038809;-2.878982357;-0.043120000;1.000000000;0.000000000
29.815098808;-28.791542415;-7.745139800;-2.878991612;-0.050497800;1.000000000;0.000000000
30.212178018;-29.175009393;-7.848217323;-2.878967051;-0.057885900;1.000000000;0.000000000
30.609263515;-29.558476530;-7.951318474;-2.878836478;-0.065291500;1.000000000;0.000000000
31.006552929;-29.942119566;-8.054550734;-2.878557351;-0.072727100;1.000000000;0.000000000
31.404251198;-30.326120767;-8.158025324;-2.878127774;-0.080210500;1.000000000;0.000000000
31.802563460;-30.710662476;-8.261853702;-2.877548863;-0.087763300;1.000000000;0.000000000
32.201694750;-31.095926878;-8.366147169;-2.876822386;-0.095411400;1.000000000;0.000000000
32.601850316;-31.482096237;-8.471017103;-2.876138050;-0.103155800;1.000000000;0.000000000
33.002881379;-31.869050581;-8.576336851;-2.878465033;-0.111034200;1.000000000;0.000000000
33.399409481;-32.252201719;-8.678462955;-2.887802456;-0.119093400;1.000000000;0.000000000
33.783732767;-32.624872061;-8.772384221;-2.887577834;-0.127430200;1.000000000;0.000000000
34.171952415;-32.999935945;-8.872591896;-2.861807103;-0.136184700;1.000000000;0.000000000
34.587112531;-33.396885789;-8.994200872;-2.870630414;-0.140840400;1.000000000;0.000000000
35.004669747;-33.801994330;-9.095399187;-2.984794619;-0.149035700;1.000000000;0.000000000
35.396610842;-34.193157063;-9.120088009;3.041528903;-0.153578700;1.000000000;0.000000000
35.767307179;-34.550165242;-9.020283527;2.705636908;-0.149569600;1.000000000;0.000000000
36.149110745;-34.866458067;-8.806431215;2.434046381;-0.141192500;1.000000000;0.000000000
36.550115024;-35.141453500;-8.514571756;2.252961962;-0.131869100;1.000000000;0.000000000
36.957261579;-35.374622809;-8.180804786;2.132124011;-0.127452400;1.000000000;0.000000000
37.357039659;-35.570474549;-7.832287054;2.054465020;-0.118853000;1.000000000;0.000000000
37.752618663;-35.744338097;-7.476964363;2.019130326;-0.110517100;1.000000000;0.000000000
38.147133276;-35.912944541;-7.120294141;2.023755895;-0.106438700;1.000000000;0.000000000
38.542482921;-36.089982958;-6.766799105;2.049128546;-0.098422300;1.000000000;0.000000000
38.938978329;-36.277394451;-6.417391691;2.076093672;-0.090534900;1.000000000;0.000000000
39.336449103;-36.474284008;-6.072112791;2.101008623;-0.082751200;1.000000000;0.000000000
39.734663590;-36.679756855;-5.731003297;2.123945300;-0.075058700;1.000000000;0.000000000
40.133334690;-36.892917899;-5.394104180;2.144973962;-0.067430400;1.000000000;0.000000000
40.532126127;-37.112872367;-5.061456254;2.164159698;-0.059842100;1.000000000;0.000000000
40.930658128;-37.338724769;-4.733099058;2.181274730;-0.052267400;1.000000000;0.000000000
41.328697801;-37.569500138;-4.408787001;2.195433965;-0.044619900;1.000000000;0.000000000
41.726366881;-37.804049039;-4.087652278;2.205913758;-0.036788100;1.000000000;0.000000000
42.123786087;-38.041199443;-3.768745221;2.212613893;-0.026302100;1.000000000;0.000000000
42.521037252;-38.279778923;-3.451116004;2.215524204;-0.019628800;1.000000000;0.000000000
42.918180619;-38.518615372;-3.133814878;2.214639569;-0.015848500;1.000000000;0.000000000
43.315271752;-38.756536521;-2.815892097;2.209987521;-0.014593900;1.000000000;0.000000000
43.712378055;-38.992388560;-2.496412470;2.202720459;-0.014319400;1.000000000;0.000000000
44.109555778;-39.225715073;-2.174995480;2.195404288;-0.014044200;1.000000000;0.000000000
44.506816141;-39.456956962;-1.851973832;2.189575766;-0.013770100;1.000000000;0.000000000
44.904155263;-39.686614161;-1.527727091;2.185328505;-0.013496900;1.000000000;0.000000000
45.301559534;-39.915186526;-1.202635060;2.182661135;-0.013224500;1.000000000;0.000000000
45.699008963;-40.143173911;-0.877077383;2.181572502;-0.012952900;1.000000000;0.000000000
46.096480135;-40.371076250;-0.551433627;2.181924358;-0.012682100;1.000000000;0.000000000
46.493952849;-40.599306044;-0.226017402;2.183027662;-0.012412200;1.000000000;0.000000000
46.891424131;-40.827926461;0.099122760;2.184193474;-0.012143000;1.000000000;0.000000000
47.288894995;-41.056913316;0.424004444;2.185284127;-0.011874400;1.000000000;0.000000000
47.686366287;-41.286242424;0.748645150;2.186299617;-0.011606600;1.000000000;0.000000000
48.083838823;-41.515889600;1.073062460;2.187239880;-0.011339500;1.000000000;0.000000000
48.481313332;-41.745830658;1.397273958;2.188104992;-0.011073100;1.000000000;0.000000000
48.878790509;-41.976041493;1.721297225;2.188894931;-0.010807300;1.000000000;0.000000000
49.276270815;-42.206497839;2.045149763;2.189609554;-0.010542000;1.000000000;0.000000000
49.673754823;-42.437175512;2.368849234;2.190249025;-0.010277400;1.000000000;0.000000000
50.071242959;-42.668050406;2.692413141;2.190813321;-0.010013300;1.000000000;0.000000000
50.468735569;-42.899098257;3.015859065;2.191302384;-0.009749900;1.000000000;0.000000000
50.866233043;-43.130294958;3.339204588;2.191716272;-0.009486900;1.000000000;0.000000000
51.263735574;-43.361616244;3.662467213;2.192054932;-0.009224500;1.000000000;0.000000000
51.661243545;-43.593038011;3.985664602;2.192318306;-0.008962500;1.000000000;0.000000000
52.058757151;-43.824535993;4.308814337;2.192506491;-0.008700900;1.000000000;0.000000000
52.456276485;-44.056086005;4.631933840;2.192619676;-0.008440100;1.000000000;0.000000000
52.853801915;-44.287664021;4.955040773;2.192657585;-0.008179600;1.000000000;0.000000000
53.251333551;-44.519245697;5.278152718;2.192620198;-0.007919400;1.000000000;0.000000000
53.648871642;-44.750806927;5.601287257;2.192507738;-0.007659600;1.000000000;0.000000000
54.046416331;-44.982323525;5.924461892;2.192320048;-0.007400200;1.000000000;0.000000000
54.443967797;-45.213771227;6.247694207;2.192057236;-0.007270700;1.000000000;0.000000000
54.841526374;-45.445126007;6.571001782;2.191719227;-0.007011800;1.000000000;0.000000000
55.239092240;-45.676363521;6.894402199;2.191305999;-0.006753300;1.000000000;0.000000000
55.636665680;-45.907459662;7.217912962;2.190817663;-0.006495200;1.000000000;0.000000000
56.034247102;-46.138390246;7.541551731;2.190254145;-0.006237400;1.000000000;0.000000000
56.431836834;-46.369131087;7.865336009;2.189615530;-0.005979900;1.000000000;0.000000000
56.829435431;-46.599658080;8.189283459;2.188811506;-0.005722800;1.000000000;0.000000000
57.227038665;-46.829885780;8.513449370;2.187048809;-0.005465900;1.000000000;0.000000000
57.624608789;-47.059252837;8.838184272;2.183294041;-0.005209400;1.000000000;0.000000000
58.022098387;-47.286974503;9.163976879;2.177213271;-0.004953100;1.000000000;0.000000000
58.419473775;-47.512264837;9.491316863;2.168800979;-0.004697100;1.000000000;0.000000000
58.816721199;-47.734337660;9.820693816;2.158053730;-0.004441300;1.000000000;0.000000000
59.213853664;-47.952407033;10.152597331;2.144969405;-0.004185800;1.000000000;0.000000000
59.610917217;-48.165686855;10.487516997;2.129910734;-0.003930600;1.000000000;0.000000000
60.007994022;-48.373634153;10.825788944;2.114780494;-0.003675600;1.000000000;0.000000000
60.405162776;-48.576737325;11.167098364;2.101526331;-0.003420900;1.000000000;0.000000000
60.802464297;-48.775758284;11.510957575;2.090555578;-0.003166400;1.000000000;0.000000000
61.199906644;-48.971458946;11.856879054;2.081865523;-0.002912200;1.000000000;0.000000000
61.597471125;-49.164601384;12.204375119;2.075452083;-0.002658300;1.000000000;0.000000000
61.995118520;-49.355947431;12.552958167;2.071310288;-0.002404600;1.000000000;0.000000000
62.392795504;-49.546258447;12.902141072;2.069108336;-0.002151100;1.000000000;0.000000000
62.790457216;-49.736074302;13.251576013;2.067734470;-0.001897900;1.000000000;0.000000000
63.188096798;-49.925407327;13.601247634;2.066291740;-0.001644900;1.000000000;0.000000000
63.585713384;-50.114192685;13.951189112;2.064665756;-0.001392300;1.000000000;0.000000000
63.983306369;-50.302365535;14.301433542;2.062856429;-0.001139900;1.000000000;0.000000000
64.380875668;-50.489861040;14.652014179;2.060863764;-0.000887700;1.000000000;0.000000000
64.778421574;-50.676614441;15.002964196;2.058687812;-0.000635800;1.000000000;0.000000000
65.175944732;-50.862560898;15.354316692;2.056328409;-0.000384200;1.000000000;0.000000000
65.573446420;-51.047635573;15.706104919;2.053785583;-0.000133200;1.000000000;0.000000000
65.970928242;-51.231773627;16.058361893;2.051059360;0.000115800;1.000000000;0.000000000
66.368392699;-51.414910301;16.411120951;2.048149565;0.000359800;1.000000000;0.000000000
66.765842689;-51.596980678;16.764415265;2.045056488;0.000607200;1.000000000;0.000000000
67.163281737;-51.777920076;17.118277853;2.041780119;0.000935100;1.000000000;0.000000000
67.560714166;-51.957663579;17.472741968;2.038346570;0.001260500;1.000000000;0.000000000
67.958144833;-52.136164964;17.827831240;2.034897723;0.001570900;1.000000000;0.000000000
68.355578162;-52.313459633;18.183527530;2.031580919;0.001871900;1.000000000;0.000000000
68.753017838;-52.489605583;18.539801162;2.028428035;0.002172500;1.000000000;0.000000000
69.150466708;-52.664660652;18.896622303;2.025438920;0.002472800;1.000000000;0.000000000
69.547927335;-52.838682757;19.253961438;2.022613636;0.002772700;1.000000000;0.000000000
69.945401503;-53.011729816;19.611788812;2.019952317;0.003072200;1.000000000;0.000000000
70.342890458;-53.183859745;19.970074671;2.017454773;0.003371500;1.000000000;0.000000000
70.740395052;-53.355130383;20.328789420;2.015121077;0.003670400;1.000000000;0.000000000
71.137915592;-53.525599726;20.687903305;2.012951243;0.003969000;1.000000000;0.000000000
71.535451946;-53.695325612;21.047386651;2.010945109;0.004267300;1.000000000;0.000000000
71.933003610;-53.864365958;21.407209784;2.009102729;0.004565200;1.000000000;0.000000000
72.330569703;-54.032778681;21.767343028;2.007424019;0.004862800;1.000000000;0.000000000
72.728148899;-54.200621620;22.127756630;2.005909121;0.005160100;1.000000000;0.000000000
73.125739728;-54.367952850;22.488420916;2.004557775;0.005457100;1.000000000;0.000000000
73.523340276;-54.534830050;22.849306210;2.003369949;0.005753800;1.000000000;0.000000000
73.920948545;-54.701311296;23.210382837;2.002345792;0.006050200;1.000000000;0.000000000
74.318562227;-54.867454427;23.571621124;2.001485229;0.006346300;1.000000000;0.000000000
74.716178819;-55.033317439;23.932991316;2.000788146;0.006642100;1.000000000;0.000000000
75.113795640;-55.198958089;24.294463738;2.000254395;0.006937600;1.000000000;0.000000000
75.511409958;-55.364434296;24.656008715;1.999884240;0.007232800;1.000000000;0.000000000
75.909018984;-55.529804057;25.017596574;1.999677675;0.007527800;1.000000000;0.000000000
76.306619838;-55.695125287;25.379197639;1.999634566;0.007822500;1.000000000;0.000000000
76.704209515;-55.860455826;25.740782157;1.999754833;0.008117000;1.000000000;0.000000000
77.101785084;-56.025853511;26.102320452;2.000038726;0.008411300;1.000000000;0.000000000
77.499343755;-56.191376418;26.463782849;2.000486175;0.008705200;1.000000000;0.000000000
77.896882681;-56.357082305;26.825139676;2.001097167;0.008999000;1.000000000;0.000000000
78.294399138;-56.523029169;27.186361176;2.001847231;0.009292600;1.000000000;0.000000000
78.691891178;-56.689257346;27.547426427;2.002499410;0.009586000;1.000000000;0.000000000
79.089362309;-56.855656251;27.908390004;2.002732611;0.009879200;1.000000000;0.000000000
79.486818344;-57.022037734;28.269344990;2.002437074;0.010025800;1.000000000;0.000000000
79.884265347;-57.188213164;28.630384942;2.001611871;0.010318800;1.000000000;0.000000000
80.281709529;-57.353993755;28.991603260;2.000257019;0.010611700;1.000000000;0.000000000
80.679157997;-57.519190878;29.353093502;1.998372586;0.010904500;1.000000000;0.000000000
81.076618671;-57.683615743;29.714949069;1.996214687;0.011197200;1.000000000;0.000000000
81.474098896;-57.847264295;30.077177837;1.995236382;0.011490000;1.000000000;0.000000000
81.871595430;-58.010995586;30.439387113;1.996984182;0.011782700;1.000000000;0.000000000
82.269103650;-58.175920942;30.801067098;2.001807656;0.012075500;1.000000000;0.000000000
82.666630982;-58.343151692;31.161707994;2.009706054;0.012368400;1.000000000;0.000000000
83.064208218;-58.513799083;31.520800080;2.020677019;0.012661500;1.000000000;0.000000000
83.461900772;-58.688974442;31.877833638;2.034715074;0.012954700;1.000000000;0.000000000
83.859819323;-58.869789334;32.232298231;2.052103945;0.013248300;1.000000000;0.000000000
84.257940830;-59.057475139;32.583403305;2.073922870;0.013542100;1.000000000;0.000000000
84.655841653;-59.253576368;32.929624872;2.101146014;0.013836400;1.000000000;0.000000000
85.053177010;-59.459688135;33.269320803;2.133686054;0.014131100;1.000000000;0.000000000
85.449829643;-59.677208885;33.601010469;2.165221184;0.014426400;1.000000000;0.000000000
85.846247747;-59.903789946;33.926292401;2.184160682;0.014722900;1.000000000;0.000000000
86.242920210;-60.133723526;34.249525432;2.184888355;0.015021800;1.000000000;0.000000000
86.640131595;-60.361235002;34.575125512;2.172084918;0.015324200;1.000000000;0.000000000
87.038064498;-60.583524459;34.905183072;2.157757132;0.015629400;1.000000000;0.000000000
87.436567069;-60.802320025;35.238248830;2.149694640;0.015937300;1.000000000;0.000000000
87.835367895;-61.019729634;35.572576754;2.148464005;0.016247900;1.000000000;0.000000000
88.234157378;-61.237861141;35.906420576;2.154055221;0.016561400;1.000000000;0.000000000
88.632644109;-61.458822637;36.238034345;2.166488372;0.016877800;1.000000000;0.000000000
89.030609926;-61.684722057;36.565671712;2.185217166;0.017197000;1.000000000;0.000000000
89.427996396;-61.917304874;36.887884746;2.206836231;0.017518000;1.000000000;0.000000000
89.824980403;-62.156561938;37.204669151;2.227622081;0.017849300;1.000000000;0.000000000
90.221753247;-62.401953618;37.516456920;2.246688066;0.018220200;1.000000000;0.000000000
90.618465196;-62.652940121;37.823680204;2.264017257;0.018544200;1.000000000;0.000000000
91.015228731;-62.908981575;38.126771076;2.279600152;0.018519400;1.000000000;0.000000000
91.412122323;-63.169538347;38.426161609;2.293432274;0.017923000;1.000000000;0.000000000
91.809193946;-63.434070646;38.722284112;2.305513118;0.017187200;1.000000000;0.000000000
92.206464406;-63.702038680;39.015570579;2.315845077;0.016454100;1.000000000;0.000000000
92.603931348;-63.972902655;39.306453161;2.324431988;0.015724900;1.000000000;0.000000000
93.001572788;-64.246122861;39.595363932;2.331278149;0.014996400;1.000000000;0.000000000
93.399350756;-64.521159425;39.882735121;2.336387909;0.014269300;1.000000000;0.000000000
93.797214965;-64.797472715;40.168998802;2.339764900;0.013544100;1.000000000;0.000000000
94.195106304;-65.074522938;40.454587127;2.341416483;0.012820100;1.000000000;0.000000000
94.592960804;-65.351773564;40.739929542;2.341679714;0.012097300;1.000000000;0.000000000
94.990739986;-65.628895945;41.025291528;2.341404671;0.011375600;1.000000000;0.000000000
95.388447645;-65.905887296;41.310681041;2.341156129;0.010655100;1.000000000;0.000000000
95.786091481;-66.182773553;41.596083600;2.340979673;0.009935700;1.000000000;0.000000000
96.183678949;-66.459580492;41.881484569;2.340875485;0.009217300;1.000000000;0.000000000
96.581217601;-66.736334048;42.166869308;2.340843460;0.008499900;1.000000000;0.000000000
96.978714990;-67.013059998;42.452223339;2.340883628;0.007783300;1.000000000;0.000000000
97.376178663;-67.289784278;42.737532021;2.340996073;0.007067100;1.000000000;0.000000000
97.773616121;-67.566532663;43.022780798;2.341180732;0.006352500;1.000000000;0.000000000
98.171034877;-67.843331009;43.307955030;2.341437684;0.005639200;1.000000000;0.000000000
98.568442631;-68.120205253;43.593040239;2.341766850;0.004927100;1.000000000;0.000000000
98.965846884;-68.397181170;43.878021785;2.342168354;0.004216200;1.000000000;0.000000000
99.363255279;-68.674284696;44.162885030;2.342641964;0.003506800;1.000000000;0.000000000
99.760675557;-68.951541607;44.447615574;2.343188981;0.002799600;1.000000000;0.000000000
100.158114813;-69.228978158;44.732197587;2.343823441;0.002094300;1.000000000;0.000000000
100.555575681;-69.506624499;45.016605131;2.344564377;0.001391200;1.000000000;0.000000000
100.953057954;-69.784512533;45.300806465;2.345418947;0.000690700;1.000000000;0.000000000
101.350561695;-70.062674561;45.584769685;2.346387558;-0.000006800;1.000000000;0.000000000
101.748087036;-70.341142802;45.868462891;2.347469766;-0.000699800;1.000000000;0.000000000
102.145634192;-70.619949239;46.151854337;2.348665552;-0.001386900;1.000000000;0.000000000
102.543203588;-70.899126091;46.434912123;2.349975106;-0.002069100;1.000000000;0.000000000
102.940795935;-71.178705580;46.717604506;2.351398407;-0.002739500;1.000000000;0.000000000
103.338411785;-71.458719766;46.999899423;2.352935359;-0.003381300;1.000000000;0.000000000
103.736052292;-71.739200871;47.281765211;2.354585862;-0.004049800;1.000000000;0.000000000
104.133718597;-72.020181035;47.563169969;2.356350023;-0.009239400;1.000000000;0.000000000
104.531412073;-72.301692398;47.844081793;2.358227668;-0.025326900;1.000000000;0.000000000
104.929134452;-72.583767102;48.124468941;2.360218615;-0.049814200;1.000000000;0.000000000
105.326887619;-72.866437209;48.404299590;2.362167014;-0.070007900;1.000000000;0.000000000
105.724656823;-73.149635730;48.683618292;2.363470462;-0.090206600;1.000000000;0.000000000
106.122377984;-73.433011584;48.962688619;2.363602945;-0.111085900;1.000000000;0.000000000
106.519977415;-73.716163167;49.241813123;2.362484243;-0.132238100;1.000000000;0.000000000
106.917382057;-73.998688799;49.521294279;2.360112316;-0.153719400;1.000000000;0.000000000
107.314521624;-74.280186956;49.801434643;2.356483649;-0.187409900;1.000000000;0.000000000
107.711330205;-74.560255957;50.082536767;2.351552038;-0.211250100;1.000000000;0.000000000
108.107753236;-74.838474231;50.364929777;2.342279662;-0.223924600;1.000000000;0.000000000
108.504131792;-75.112985164;50.650866321;2.320750110;-0.250927400;1.000000000;0.000000000
108.901671025;-75.379551329;50.945789906;2.281810315;-0.280487700;1.000000000;0.000000000
109.302269290;-75.633703710;51.255443805;2.217635768;-0.296149300;1.000000000;0.000000000
109.703614894;-75.862462397;51.585213053;2.093764279;-0.336621100;1.000000000;0.000000000
110.094624728;-76.028032720;51.939437782;1.867898126;-0.358015300;1.000000000;0.000000000
110.482142689;-76.088121954;52.322268625;1.543210836;-0.425365500;1.000000000;0.000000000
110.888294784;-76.006491398;52.720132894;1.156964584;-0.448012700;1.000000000;0.000000000
111.271887404;-75.778045051;53.028281502;0.634232929;-0.427755600;1.000000000;0.000000000
111.650361294;-75.420170500;53.151441117;0.198511186;-0.414615600;1.000000000;0.000000000
112.060988654;-75.010729701;53.182635050;0.079251405;-0.392854500;1.000000000;0.000000000
112.464517260;-74.608574224;53.215896262;0.093316741;-0.346621800;1.000000000;0.000000000
112.861141830;-74.214105116;53.257189994;0.112755886;-0.325839400;1.000000000;0.000000000
113.255457034;-73.822685335;53.304887321;0.127135892;-0.288920200;1.000000000;0.000000000
113.650821772;-73.430812081;53.357314691;0.136523746;-0.255132400;1.000000000;0.000000000
114.047453375;-73.038063306;53.412677383;0.141299068;-0.223746000;1.000000000;0.000000000
114.445014377;-72.644535114;53.469160234;0.141569239;-0.179826900;1.000000000;0.000000000
114.843153961;-72.250323450;53.524948157;0.137360660;-0.151170000;1.000000000;0.000000000
115.241531604;-71.855524500;53.578226067;0.128676346;-0.120724300;1.000000000;0.000000000
115.639841436;-71.460234287;53.627178799;0.115516281;-0.088759600;1.000000000;0.000000000
116.037838087;-71.064548518;53.670005269;0.098973608;-0.058620600;1.000000000;0.000000000
116.435461812;-70.668538556;53.705792644;0.081884898;-0.036661400;1.000000000;0.000000000
116.832840234;-70.272237098;53.735029005;0.066160527;-0.034672100;1.000000000;0.000000000
117.230087221;-69.875673819;53.758325665;0.051966213;-0.030951400;1.000000000;0.000000000
117.627289513;-69.478878155;53.776294017;0.039309768;-0.027641700;1.000000000;0.000000000
118.024509151;-69.081879621;53.789545613;0.028195019;-0.024401300;1.000000000;0.000000000
118.421786489;-68.684707575;53.798691607;0.018623703;-0.021399300;1.000000000;0.000000000
118.819142573;-68.287391690;53.804343631;0.010596032;-0.018973900;1.000000000;0.000000000
119.216582510;-67.889961402;53.807113078;0.004110387;-0.017694400;1.000000000;0.000000000
119.614098076;-67.492446148;53.807611183;-0.000834604;-0.017120300;1.000000000;0.000000000
120.011670479;-67.094875443;53.806449496;-0.004240303;-0.016790600;1.000000000;0.000000000
120.409273261;-66.697278803;53.804239412;-0.006108118;-0.016526000;1.000000000;0.000000000
120.806875134;-66.299685742;53.801592323;-0.006438658;-0.016236900;1.000000000;0.000000000
121.204442868;-65.902125698;53.799119622;-0.005290718;-0.015939300;1.000000000;0.000000000
121.601947106;-65.504625241;53.797385843;-0.003291566;-0.015643500;1.000000000;0.000000000
121.999391182;-65.107182145;53.796503003;-0.001329201;-0.015344100;1.000000000;0.000000000
122.396795254;-64.709778111;53.796329331;0.000273568;-0.015042300;1.000000000;0.000000000
122.794178716;-64.312394842;53.796720431;0.001513225;-0.014738700;1.000000000;0.000000000
123.191560666;-63.915013720;53.797531989;0.002389363;-0.014432900;1.000000000;0.000000000
123.588959505;-63.517616369;53.798619449;0.002901781;-0.014124600;1.000000000;0.000000000
123.986393413;-63.120184331;53.799838416;0.002827644;-0.013814600;1.000000000;0.000000000
124.383868071;-62.722711004;53.800867164;0.000792831;-0.013502900;1.000000000;0.000000000
124.781328233;-62.325251042;53.800468664;-0.004726028;-0.013189500;1.000000000;0.000000000
125.178714870;-61.927878592;53.797110736;-0.014103703;-0.012874200;1.000000000;0.000000000
125.576003051;-61.530667960;53.789261357;-0.027344881;-0.012556600;1.000000000;0.000000000
125.973219891;-61.133693453;53.775388423;-0.044451298;-0.012237100;1.000000000;0.000000000
126.370462434;-60.737029296;53.753959834;-0.065413717;-0.011915700;1.000000000;0.000000000
126.767915155;-60.340749716;53.723444917;-0.088399269;-0.011592400;1.000000000;0.000000000
127.165772291;-59.944877626;53.683751230;-0.106389946;-0.011267100;1.000000000;0.000000000
127.563893590;-59.549288280;53.638922238;-0.113300525;-0.010938900;1.000000000;0.000000000
127.961924040;-59.153830600;53.593739697;-0.108435843;-0.010608500;1.000000000;0.000000000
128.359510821;-58.758355258;53.552819007;-0.096579112;-0.010275700;1.000000000;0.000000000
128.756725226;-58.362750160;53.517099414;-0.086826318;-0.009940600;1.000000000;0.000000000
129.153923278;-57.966939487;53.483930089;-0.083892117;-0.009603600;1.000000000;0.000000000
129.551417103;-57.570853151;53.450509206;-0.088167516;-0.009266800;1.000000000;0.000000000
129.949247566;-57.174710726;53.413899692;-0.100175325;-0.008930800;1.000000000;0.000000000
130.347070956;-56.779213666;53.370940124;-0.120300488;-0.008595100;1.000000000;0.000000000
130.744656275;-56.385108609;53.318449268;-0.146605873;-0.008259500;1.000000000;0.000000000
131.142059580;-55.992832480;53.254818887;-0.171197923;-0.007923900;1.000000000;0.000000000
131.539511334;-55.601915497;53.183042778;-0.187090002;-0.007589200;1.000000000;0.000000000
131.937053770;-55.211723037;53.106951833;-0.193809422;-0.007255000;1.000000000;0.000000000
132.334615247;-54.821698362;53.029907163;-0.195164398;-0.006921200;1.000000000;0.000000000
132.732171224;-54.431700258;52.952756444;-0.195425492;-0.006587800;1.000000000;0.000000000
133.129722106;-54.041726261;52.875510177;-0.195660261;-0.006254900;1.000000000;0.000000000
133.527268420;-53.651773903;52.798178228;-0.195869407;-0.005922700;1.000000000;0.000000000
133.924810590;-53.261840797;52.720770541;-0.196052834;-0.005591000;1.000000000;0.000000000
134.322349112;-52.871924478;52.643297060;-0.196210618;-0.005259800;1.000000000;0.000000000
134.719884490;-52.482022480;52.565767651;-0.196342775;-0.004929200;1.000000000;0.000000000
135.117417137;-52.092132414;52.488192259;-0.196449209;-0.004599200;1.000000000;0.000000000
135.514947532;-51.702251816;52.410580827;-0.196530097;-0.004270000;1.000000000;0.000000000
135.912476188;-51.312378219;52.332943141;-0.196585237;-0.003941400;1.000000000;0.000000000
136.310003550;-50.922509157;52.255289306;-0.196614670;-0.003613500;1.000000000;0.000000000
136.707529971;-50.532642322;52.177629106;-0.196618555;-0.003286300;1.000000000;0.000000000
137.105056082;-50.142775090;52.099972486;-0.196596596;-0.002959900;1.000000000;0.000000000
137.502582190;-49.752905152;52.022329470;-0.196549125;-0.002634400;1.000000000;0.000000000
137.900108817;-49.363030044;51.944709764;-0.196476007;-0.002309600;1.000000000;0.000000000
138.297636411;-48.973147298;51.867123472;-0.196377044;-0.001985700;1.000000000;0.000000000
138.695165471;-48.583254448;51.789580459;-0.196252572;-0.001662600;1.000000000;0.000000000
139.092696340;-48.193349187;51.712090590;-0.196102356;-0.001340200;1.000000000;0.000000000
139.490229649;-47.803428891;51.634663889;-0.195926496;-0.001019000;1.000000000;0.000000000
139.887765768;-47.413491250;51.557310141;-0.195725109;-0.000698600;1.000000000;0.000000000
140.285305274;-47.023533721;51.480039291;-0.195497883;-0.000379000;1.000000000;0.000000000
140.682848581;-46.633553916;51.402861364;-0.195245054;-0.000060400;1.000000000;0.000000000
141.080396156;-46.243549448;51.325786144;-0.194966706;0.000257500;1.000000000;0.000000000
141.477948521;-45.853517852;51.248823576;-0.194662502;0.000574200;1.000000000;0.000000000
141.875506271;-45.463456580;51.171983685;-0.194332682;0.000890000;1.000000000;0.000000000
142.273069820;-45.073363327;51.095276256;-0.193977270;0.001205000;1.000000000;0.000000000
142.670639706;-44.683235626;51.018711312;-0.193597973;0.001519100;1.000000000;0.000000000
143.068216468;-44.293071329;50.942297288;-0.193216525;0.001832300;1.000000000;0.000000000
143.465798935;-43.902872982;50.866027580;-0.192864584;0.002144500;1.000000000;0.000000000
143.863385354;-43.512645517;50.789886355;-0.192554580;0.002455800;1.000000000;0.000000000
144.260973702;-43.122394185;50.713857464;-0.192286620;0.002611300;1.000000000;0.000000000
144.658562130;-42.732123998;50.637924997;-0.192060489;0.002921200;1.000000000;0.000000000
145.056148638;-42.341840127;50.562072961;-0.191876400;0.003230400;1.000000000;0.000000000
145.453731307;-41.951547664;50.486285286;-0.191734348;0.003538800;1.000000000;0.000000000
145.851308116;-41.561251780;50.410545982;-0.191634314;0.003846500;1.000000000;0.000000000
146.248877212;-41.170957487;50.334838978;-0.191576222;0.004153400;1.000000000;0.000000000
146.646436469;-40.780670037;50.259148362;-0.191560053;0.004459500;1.000000000;0.000000000
147.043984108;-40.390394360;50.183458065;-0.191585926;0.004764900;1.000000000;0.000000000
147.441517939;-40.000135788;50.107752095;-0.191653770;0.005069800;1.000000000;0.000000000
147.839036089;-39.609899333;50.032014461;-0.191763627;0.005374000;1.000000000;0.000000000
148.236536627;-39.219690087;49.956229094;-0.191856494;0.005677800;1.000000000;0.000000000
148.634018057;-38.829503752;49.880425985;-0.191686390;0.005980900;1.000000000;0.000000000
149.031480037;-38.439306598;49.804780717;-0.191029821;0.006283700;1.000000000;0.000000000
149.428922902;-38.049058926;49.729497352;-0.189850172;0.006586100;1.000000000;0.000000000
149.826347730;-37.658720877;49.654779874;-0.188147336;0.006888300;1.000000000;0.000000000
150.223756077;-37.268252992;49.580832424;-0.185921049;0.007190200;1.000000000;0.000000000
150.621151196;-36.877615332;49.507859146;-0.183171388;0.007492400;1.000000000;0.000000000
151.018537434;-36.486768439;49.436064103;-0.179898409;0.007796900;1.000000000;0.000000000
151.415921396;-36.095672454;49.365651436;-0.176102294;0.008104100;1.000000000;0.000000000
151.813311606;-35.704287837;49.296825129;-0.171783244;0.008414300;1.000000000;0.000000000
152.210719403;-35.312574730;49.229789325;-0.166941382;0.008727000;1.000000000;0.000000000
152.608158746;-34.920493515;49.164748166;-0.161577457;0.009043100;1.000000000;0.000000000
153.005646802;-34.528004572;49.101905634;-0.155692037;0.009361700;1.000000000;0.000000000
153.403204355;-34.135068123;49.041465953;-0.149316416;0.009682600;1.000000000;0.000000000
153.800848905;-33.741654970;48.983610273;-0.142661320;0.010005900;1.000000000;0.000000000
154.198559003;-33.347797811;48.928384736;-0.135970755;0.010331500;1.000000000;0.000000000
154.596298157;-32.953551939;48.875786002;-0.129308249;0.010659800;1.000000000;0.000000000
154.994029571;-32.558972723;48.825810807;-0.122671755;0.010990000;1.000000000;0.000000000
155.391716335;-32.164115458;48.778455733;-0.116059346;0.011321900;1.000000000;0.000000000
155.789321192;-31.769035593;48.733717356;-0.109468592;0.011655600;1.000000000;0.000000000
156.186806829;-31.373788420;48.691592496;-0.102912714;0.011991700;1.000000000;0.000000000
156.584151410;-30.978414911;48.652063968;-0.096455171;0.012325500;1.000000000;0.000000000
156.981384005;-30.582908622;48.615070593;-0.090156631;0.012591900;1.000000000;0.000000000
157.378542805;-30.187253641;48.580541645;-0.084029099;0.012752800;1.000000000;0.000000000
157.775664774;-29.791433979;48.548406716;-0.078073816;0.012682600;1.000000000;0.000000000
158.172785644;-29.395433643;48.518595320;-0.072292404;0.012230000;1.000000000;0.000000000
158.569939934;-28.999236643;48.491036889;-0.066686672;0.011443500;1.000000000;0.000000000
158.967160840;-28.602827147;48.465660538;-0.061315862;0.010645800;1.000000000;0.000000000
159.364470095;-28.206202291;48.442350274;-0.056345930;0.009855900;1.000000000;0.000000000
159.761867766;-27.809383635;48.420905852;-0.051896174;0.009073800;1.000000000;0.000000000
160.159348669;-27.412395603;48.401117721;-0.047977891;0.008682200;1.000000000;0.000000000
160.556905209;-27.015262381;48.382776328;-0.044590572;0.007900700;1.000000000;0.000000000
160.954527332;-26.618008311;48.365672042;-0.041733542;0.007120600;1.000000000;0.000000000
161.352203158;-26.220657580;48.349595389;-0.039406287;0.006341300;1.000000000;0.000000000
161.749919018;-25.823234532;48.334336737;-0.037608269;0.005563500;1.000000000;0.000000000
162.147660013;-25.425763432;48.319686694;-0.036339151;0.004787300;1.000000000;0.000000000
162.545410205;-25.028268624;48.305435628;-0.035599009;0.004012500;1.000000000;0.000000000
162.943153180;-24.630774294;48.291373907;-0.035387449;0.003239200;1.000000000;0.000000000
163.340872059;-24.233304785;48.277292137;-0.035704603;0.002467300;1.000000000;0.000000000
163.738550164;-23.835884283;48.262980608;-0.036550646;0.001697300;1.000000000;0.000000000
164.136170936;-23.438537211;48.248229926;-0.037909792;0.000929000;1.000000000;0.000000000
164.533720179;-23.041285847;48.232843108;-0.039572274;0.000162700;1.000000000;0.000000000
164.931202097;-22.644128757;48.216776957;-0.041214377;-0.000601600;1.000000000;0.000000000
165.328632387;-22.247048916;48.200090581;-0.042704404;-0.001363700;1.000000000;0.000000000
165.726026867;-21.850028823;48.182844763;-0.044040013;-0.002121300;1.000000000;0.000000000
166.123400938;-21.453051134;48.165100284;-0.045220724;-0.002879600;1.000000000;0.000000000
166.520769838;-21.056098425;48.146918163;-0.046246483;-0.003623400;1.000000000;0.000000000
166.918148614;-20.659153274;48.128359103;-0.047117281;-0.004374900;1.000000000;0.000000000
167.315552048;-20.262198337;48.109484044;-0.047832937;-0.005240200;1.000000000;0.000000000
167.712994942;-19.865216113;48.090353767;-0.048393510;-0.007012100;1.000000000;0.000000000
168.110491817;-19.468189257;48.071029133;-0.048798897;-0.013500000;1.000000000;0.000000000
168.508057183;-19.071100348;48.051571004;-0.049049022;-0.025506500;1.000000000;0.000000000
168.905705489;-18.673931961;48.032040318;-0.049144152;-0.040214500;1.000000000;0.000000000
169.303451082;-18.276666753;48.012497778;-0.049084373;-0.053665500;1.000000000;0.000000000
169.701308450;-17.879287223;47.993004325;-0.048782024;-0.066366000;1.000000000;0.000000000
170.099267776;-17.481796790;47.973691625;-0.047845786;-0.085634700;1.000000000;0.000000000
170.497235767;-17.084270955;47.954937094;-0.045905202;-0.098796600;1.000000000;0.000000000
170.895102426;-16.686801128;47.937171532;-0.042892037;-0.112321100;1.000000000;0.000000000
171.292761315;-16.289478322;47.920825898;-0.038802592;-0.126296500;1.000000000;0.000000000
171.690110238;-15.892393867;47.906330991;-0.033631763;-0.140846700;1.000000000;0.000000000
172.087053108;-15.495638936;47.894117609;-0.027417655;-0.156079900;1.000000000;0.000000000
172.483501428;-15.099305337;47.884580913;-0.026051924;-0.172246000;1.000000000;0.000000000
172.879406091;-14.703556401;47.873477665;-0.047015086;-0.189482700;1.000000000;0.000000000
173.275126494;-14.308697305;47.847382997;-0.103226831;-0.198465300;1.000000000;0.000000000
173.672679732;-13.915049937;47.791792295;-0.194474504;-0.217622500;1.000000000;0.000000000
174.073847408;-13.526172469;47.693253879;-0.318293831;-0.238463600;1.000000000;0.000000000
174.472728002;-13.157065789;47.542038842;-0.479000332;-0.249301900;1.000000000;0.000000000
174.866909518;-12.825258618;47.329240655;-0.680373265;-0.272322200;1.000000000;0.000000000
175.261510696;-12.547624767;47.048831072;-0.900447332;-0.284857200;1.000000000;0.000000000
175.657838661;-12.336847241;46.713199294;-1.118247607;-0.306602100;1.000000000;0.000000000
176.052116107;-12.203957765;46.341991681;-1.341555061;-0.301100500;1.000000000;0.000000000
176.441776951;-12.159887187;45.954831046;-1.571080711;-0.290511000;1.000000000;0.000000000
176.832601723;-12.204178296;45.566524079;-1.768324108;-0.267101200;1.000000000;0.000000000
177.232044381;-12.314439388;45.182601003;-1.902721706;-0.256602000;1.000000000;0.000000000
177.636492902;-12.465784262;44.807536562;-1.983757188;-0.237977600;1.000000000;0.000000000
178.038120442;-12.637795254;44.444608332;-2.036912312;-0.221492100;1.000000000;0.000000000
178.436555974;-12.825248355;44.093023054;-2.081283125;-0.213850900;1.000000000;0.000000000
178.833110523;-13.026145738;43.751122847;-2.119635298;-0.199832300;1.000000000;0.000000000
179.228788235;-13.238489497;43.417250146;-2.151667007;-0.187020200;1.000000000;0.000000000
179.624325850;-13.460281724;43.089747150;-2.177204977;-0.175040600;1.000000000;0.000000000
180.020237921;-13.689524672;42.766956136;-2.196180537;-0.163812600;1.000000000;0.000000000
180.416864509;-13.924226561;42.447225509;-2.209887934;-0.147872700;1.000000000;0.000000000
180.814279652;-14.163135883;42.129639093;-2.222158900;-0.137680100;1.000000000;0.000000000
181.212246835;-14.406433552;41.814703983;-2.235817886;-0.127736700;1.000000000;0.000000000
181.610521350;-14.654464683;41.503090204;-2.251175177;-0.118349400;1.000000000;0.000000000
182.008887913;-14.907574076;41.195467784;-2.268256541;-0.110183500;1.000000000;0.000000000
182.407164767;-15.166106688;40.892506828;-2.287090395;-0.105677600;1.000000000;0.000000000
182.805207961;-15.430407636;40.594877203;-2.307705749;-0.103067800;1.000000000;0.000000000
183.202914858;-15.700821719;40.303249016;-2.330130988;-0.099878600;1.000000000;0.000000000
183.600229011;-15.977693894;40.018292292;-2.354392013;-0.096777400;1.000000000;0.000000000
183.997144547;-16.261369279;39.740677057;-2.380509243;-0.093793800;1.000000000;0.000000000
184.393710313;-16.552192592;39.471073259;-2.408496101;-0.090931000;1.000000000;0.000000000
184.790034775;-16.850509029;39.210151083;-2.438355448;-0.088167500;1.000000000;0.000000000
185.186290065;-17.156663310;38.958580395;-2.470076866;-0.084211000;1.000000000;0.000000000
185.582716496;-17.471000632;38.717031303;-2.503533214;-0.081689200;1.000000000;0.000000000
185.979613316;-17.793809227;38.486116392;-2.537318083;-0.079241800;1.000000000;0.000000000
186.377152258;-18.124662673;38.265723089;-2.569293530;-0.076876200;1.000000000;0.000000000
186.775315977;-18.462644556;38.055241275;-2.598620257;-0.074568500;1.000000000;0.000000000
187.173988957;-18.806828756;37.854051362;-2.625343130;-0.072313400;1.000000000;0.000000000
187.572969723;-19.156289234;37.661533762;-2.649528947;-0.070118300;1.000000000;0.000000000
187.971980216;-19.510099871;37.477068571;-2.671245452;-0.067973000;1.000000000;0.000000000
188.370674358;-19.867334548;37.300036359;-2.690810439;-0.065872500;1.000000000;0.000000000
188.768687676;-20.227190379;37.129982302;-2.710181342;-0.063811800;1.000000000;0.000000000
189.165903012;-20.589665056;36.967525748;-2.731703730;-0.061785900;1.000000000;0.000000000
189.562366602;-20.955077124;36.813716129;-2.756059081;-0.059789900;1.000000000;0.000000000
189.958201183;-21.323745924;36.669603912;-2.783255302;-0.057819300;1.000000000;0.000000000
190.353615237;-21.695990797;36.536239642;-2.813280201;-0.055872000;1.000000000;0.000000000
190.748912254;-22.072131003;36.414673705;-2.846096942;-0.053945300;1.000000000;0.000000000
191.144499454;-22.452485883;36.305956649;-2.880903741;-0.052988800;1.000000000;0.000000000
191.540834120;-22.837176045;36.210590793;-2.914262803;-0.051088000;1.000000000;0.000000000
191.938135903;-23.225608632;36.127111261;-2.942955453;-0.049203500;1.000000000;0.000000000
192.336399090;-23.617031038;36.053612512;-2.966452785;-0.047334700;1.000000000;0.000000000
192.735458108;-24.010690578;35.988188764;-2.984829652;-0.045481500;1.000000000;0.000000000
193.135020194;-24.405834566;35.928934319;-2.998156619;-0.043646100;1.000000000;0.000000000
193.534696988;-24.801710236;35.873943474;-3.006498930;-0.041833200;1.000000000;0.000000000
193.934035991;-25.197566893;35.821320793;-3.011793024;-0.040043100;1.000000000;0.000000000
194.332617802;-25.592916614;35.770664514;-3.019827144;-0.038275800;1.000000000;0.000000000
194.730184500;-25.987807771;35.724618306;-3.035000781;-0.036531200;1.000000000;0.000000000
195.126597380;-26.382354288;35.686196729;-3.057865689;-0.034811100;1.000000000;0.000000000
195.521890457;-26.776669853;35.658414505;-3.088491229;-0.033111300;1.000000000;0.000000000
195.916341940;-27.170868230;35.644286115;-3.126895182;-0.031429100;1.000000000;0.000000000
196.310545239;-27.565063345;35.646826280;3.111085341;-0.029769600;1.000000000;0.000000000
196.705428965;-27.959360134;35.668348349;3.066152008;-0.028140900;1.000000000;0.000000000
197.101709450;-28.353805376;35.706442629;3.030024620;-0.026559100;1.000000000;0.000000000
197.499519529;-28.748421744;35.756749495;3.005055978;-0.024988600;1.000000000;0.000000000
197.898589510;-29.143231833;35.814903115;2.991077488;-0.024205700;1.000000000;0.000000000
198.298395254;-29.538258156;35.876537817;2.987952732;-0.022644700;1.000000000;0.000000000
198.698301639;-29.933523309;35.937287928;2.995633648;-0.021087200;1.000000000;0.000000000
199.097703062;-30.329049885;35.992787697;3.012552985;-0.019531900;1.000000000;0.000000000
199.496274550;-30.724819188;36.039967031;3.031162412;-0.017978000;1.000000000;0.000000000
199.894190922;-31.120659376;36.080562414;3.044047250;-0.016424700;1.000000000;0.000000000
200.291608224;-31.516363443;36.117424362;3.049771805;-0.014871100;1.000000000;0.000000000
200.688602578;-31.911724064;36.153403469;3.048307235;-0.013316600;1.000000000;0.000000000
201.085232090;-32.306534152;36.191350331;3.039632922;-0.011761600;1.000000000;0.000000000
201.481598114;-32.700586384;36.234115542;3.023749129;-0.010205000;1.000000000;0.000000000
201.877907361;-33.093674468;36.284541505;3.002383682;-0.008585500;1.000000000;0.000000000
202.274452097;-33.485717337;36.344124360;2.980857725;-0.006431400;1.000000000;0.000000000
202.671397338;-33.876897891;36.411528353;2.963219196;-0.002603400;1.000000000;0.000000000
203.068793947;-34.267432445;36.485059482;2.949909027;0.001689900;1.000000000;0.000000000
203.466613297;-34.657537234;36.563024145;2.940908303;0.006077800;1.000000000;0.000000000
203.864769655;-35.047428652;36.643728343;2.936198605;0.010426800;1.000000000;0.000000000
204.263142042;-35.437322854;36.725478392;2.935733262;0.014763200;1.000000000;0.000000000
204.661596954;-35.827431223;36.806606547;2.938299520;0.019094600;1.000000000;0.000000000
205.060020437;-36.217789956;36.886364498;2.941265871;0.023422000;1.000000000;0.000000000
205.458317346;-36.608217904;36.965145492;2.943085022;0.027746400;1.000000000;0.000000000
205.856390141;-36.998520391;37.043413744;2.943665946;0.032069100;1.000000000;0.000000000
206.254139602;-37.388502822;37.121633546;2.943006287;0.036391500;1.000000000;0.000000000
206.651466347;-37.777970362;37.200269270;2.941102054;0.040714500;1.000000000;0.000000000
207.048273111;-38.166728415;37.279785209;2.938328745;0.045041900;1.000000000;0.000000000
207.444533321;-38.554709518;37.360363229;2.936530310;0.049377000;1.000000000;0.000000000
207.840477935;-38.942335162;37.441100443;2.937530907;0.053724100;1.000000000;0.000000000
208.236398769;-39.330144342;37.520833412;2.941684182;0.058086100;1.000000000;0.000000000
208.632597180;-39.718675978;37.598398542;2.948977475;0.062469700;1.000000000;0.000000000
209.029395872;-40.108468904;37.672632475;2.959382852;0.066884300;1.000000000;0.000000000
209.427150563;-40.500062119;37.742371615;2.972858460;0.071339300;1.000000000;0.000000000
209.826258124;-40.893992151;37.806449502;2.989978162;0.075845900;1.000000000;0.000000000
210.226643778;-41.290347389;37.863116924;3.012742301;0.080412600;1.000000000;0.000000000
210.627216885;-41.688242447;37.909359080;3.042861305;0.085050600;1.000000000;0.000000000
211.026973011;-42.086664170;37.941994818;3.080785290;0.089778500;1.000000000;0.000000000
211.425223793;-42.484599483;37.957843224;3.126829336;0.094615900;1.000000000;0.000000000
211.821680952;-42.881035233;37.953723222;-3.101898234;0.099583500;1.000000000;0.000000000
212.216546794;-43.274958344;37.926453900;-3.038909953;0.104701200;1.000000000;0.000000000
212.610597097;-43.665352958;37.872903111;-2.969777147;0.107318600;1.000000000;0.000000000
213.004787302;-44.051103769;37.791772171;-2.899817156;0.112713900;1.000000000;0.000000000
213.399616011;-44.430968261;37.684102876;-2.832066193;0.118332300;1.000000000;0.000000000
213.795366535;-44.803695804;37.551089133;-2.766535969;0.124214300;1.000000000;0.000000000
214.192158616;-45.168035608;37.393925325;-2.702990196;0.130410200;1.000000000;0.000000000
214.589972960;-45.522736962;37.213805360;-2.641149430;0.133644400;1.000000000;0.000000000
214.988674718;-45.866549155;37.011923542;-2.580663912;0.140444100;1.000000000;0.000000000
215.388021359;-46.198190291;36.789455800;-2.520554267;0.147814100;1.000000000;0.000000000
215.787502562;-46.515919989;36.547313135;-2.459333208;0.155906400;1.000000000;0.000000000
216.186524135;-46.817649010;36.286204319;-2.396036628;0.164812700;1.000000000;0.000000000
216.584637583;-47.101279365;36.006833348;-2.330174860;0.169469900;1.000000000;0.000000000
216.981581356;-47.364713145;35.709904060;-2.261311793;0.177187200;1.000000000;0.000000000
217.377319114;-47.605852362;35.396120294;-2.189080132;0.180419700;1.000000000;0.000000000
217.772079846;-47.822602287;35.066187717;-2.114130427;0.174346400;1.000000000;0.000000000
218.166423760;-48.013520320;34.721140725;-2.039306708;0.170116900;1.000000000;0.000000000
218.561016220;-48.178610598;34.362743725;-1.966874787;0.161633400;1.000000000;0.000000000
218.956318622;-48.318071853;33.992859219;-1.896976561;0.153638000;1.000000000;0.000000000
219.352589309;-48.432102499;33.613349708;-1.829393897;0.146267200;1.000000000;0.000000000
219.749911543;-48.520901270;33.226077535;-1.763845536;0.142780300;1.000000000;0.000000000
220.148221029;-48.584666658;32.832905280;-1.700004599;0.136090100;1.000000000;0.000000000
220.547334188;-48.623597318;32.435695364;-1.637512898;0.129780800;1.000000000;0.000000000
220.946975067;-48.637891743;32.036310210;-1.575991219;0.123811900;1.000000000;0.000000000
221.346801641;-48.627748506;31.636612319;-1.515047047;0.118140600;1.000000000;0.000000000
221.746431637;-48.593366260;31.238464112;-1.454279233;0.112732600;1.000000000;0.000000000
222.145467646;-48.534943579;30.843728090;-1.393281880;0.110115800;1.000000000;0.000000000
222.543522398;-48.452679037;30.454266756;-1.331647825;0.105058400;1.000000000;0.000000000
222.940244416;-48.346771127;30.071942451;-1.269180966;0.100204300;1.000000000;0.000000000
223.335419888;-48.217551839;29.698490942;-1.208988742;0.095535600;1.000000000;0.000000000
223.729892255;-48.067378357;29.333722010;-1.156927451;0.091046200;1.000000000;0.000000000
224.124805981;-47.900182851;28.975947621;-1.115860570;0.086718000;1.000000000;0.000000000
224.520721640;-47.719939016;28.623440360;-1.085910937;0.082535300;1.000000000;0.000000000
224.917735208;-47.530620550;28.274472895;-1.066993322;0.078485100;1.000000000;0.000000000
225.315624200;-47.336200909;27.927317810;-1.058992423;0.074559000;1.000000000;0.000000000
225.713991187;-47.140653871;27.580247771;-1.061262836;0.070732500;1.000000000;0.000000000
226.112436597;-46.947542143;27.231727175;-1.068922731;0.066965800;1.000000000;0.000000000
226.510838283;-46.757318719;26.881671533;-1.075715885;0.063242800;1.000000000;0.000000000
226.909169088;-46.569013964;26.530660495;-1.079667553;0.059551900;1.000000000;0.000000000
227.307384292;-46.381650761;26.179276973;-1.080766898;0.055885000;1.000000000;0.000000000
227.705430462;-46.194252077;25.828103958;-1.079011414;0.052232600;1.000000000;0.000000000
228.103255244;-46.005840954;25.477724441;-1.074396228;0.048594600;1.000000000;0.000000000
228.500817190;-45.815440358;25.128721413;-1.067247774;0.044963600;1.000000000;0.000000000
228.898110280;-45.622297522;24.781536096;-1.059274454;0.041336300;1.000000000;0.000000000
229.295201592;-45.426588189;24.436022902;-1.052216145;0.037717800;1.000000000;0.000000000
229.692164761;-45.228728438;24.091884447;-1.046434760;0.034048600;1.000000000;0.000000000
230.089063755;-45.029134114;23.748823348;-1.041933762;0.030558500;1.000000000;0.000000000
230.485954623;-44.828221217;23.406542223;-1.038715539;0.029241800;1.000000000;0.000000000
230.882887406;-44.626405829;23.064743768;-1.036781007;0.031126000;1.000000000;0.000000000
231.279908469;-44.424103793;22.723130521;-1.036130209;0.035287900;1.000000000;0.000000000
231.677061940;-44.221731191;22.381405179;-1.036762379;0.041490300;1.000000000;0.000000000
232.074392153;-44.019703944;22.039270279;-1.038675636;0.045658900;1.000000000;0.000000000
232.471945249;-43.818437974;21.696428518;-1.041867505;0.049819400;1.000000000;0.000000000
232.869771250;-43.618349364;21.352582513;-1.046334514;0.053986200;1.000000000;0.000000000
233.267926167;-43.419854035;21.007434802;-1.052071777;0.058166000;1.000000000;0.000000000
233.666473528;-43.223367990;20.660688161;-1.059028353;0.062364800;1.000000000;0.000000000
234.065481671;-43.029278351;20.312067005;-1.065186318;0.066585900;1.000000000;0.000000000
234.464794307;-42.836709437;19.962255921;-1.065899217;0.070832600;1.000000000;0.000000000
234.863923136;-42.643058871;19.613252654;-1.058283852;0.075118200;1.000000000;0.000000000
235.262392146;-42.445599530;19.267149547;-1.042092368;0.079452400;1.000000000;0.000000000
235.659847331;-42.241604130;18.926038860;-1.017225861;0.083847200;1.000000000;0.000000000
236.056145754;-42.028345788;18.592012933;-0.983574699;0.088312200;1.000000000;0.000000000
236.451447696;-41.803097221;18.267164186;-0.941174707;0.092843400;1.000000000;0.000000000
236.846269028;-41.563217307;17.953569685;-0.891753700;0.095149400;1.000000000;0.000000000
237.240877944;-41.307465201;17.653058359;-0.838174448;0.099860100;1.000000000;0.000000000
237.635233890;-41.035740820;17.367256902;-0.781616251;0.104744700;1.000000000;0.000000000
238.029470503;-40.747977018;17.097786122;-0.721990116;0.109840500;1.000000000;0.000000000
238.423930919;-40.444106808;16.846266908;-0.659242701;0.115193900;1.000000000;0.000000000
238.819186971;-40.124063046;16.614320067;-0.593415505;0.120853000;1.000000000;0.000000000
239.216053068;-39.787781130;16.403566249;-0.525180017;0.123830900;1.000000000;0.000000000
239.615029712;-39.435884309;16.215547659;-0.456229535;0.130088100;1.000000000;0.000000000
240.015375594;-39.070638354;16.051620182;-0.387349987;0.136825200;1.000000000;0.000000000
240.416159530;-38.694548906;15.913112095;-0.317914644;0.144108200;1.000000000;0.000000000
240.816502922;-38.310121440;15.801351837;-0.247130741;0.152146900;1.000000000;0.000000000
241.215634159;-37.919861595;15.717667924;-0.174223497;0.156178900;1.000000000;0.000000000
241.612945928;-37.526275009;15.663388634;-0.098487266;0.164302200;1.000000000;0.000000000
242.008075121;-37.131850134;15.639806923;-0.021285941;0.165234500;1.000000000;0.000000000
242.401676490;-36.738307622;15.646613473;0.052746116;0.159761900;1.000000000;0.000000000
242.795209917;-36.346304054;15.681279896;0.120279216;0.156080100;1.000000000;0.000000000
243.189660632;-35.956417966;15.741114707;0.180924751;0.146254300;1.000000000;0.000000000
243.585503195;-35.569227975;15.823426586;0.234740429;0.136904300;1.000000000;0.000000000
243.982762327;-35.185312695;15.925523970;0.281938046;0.127978900;1.000000000;0.000000000
244.381076070;-34.805250584;16.044715538;0.323156964;0.119435800;1.000000000;0.000000000
244.779736897;-34.429731477;16.178565660;0.364851982;0.115278200;1.000000000;0.000000000
245.177662595;-34.061285992;16.328874627;0.417987778;0.107184800;1.000000000;0.000000000
245.574253627;-33.703958632;16.500925795;0.487943330;0.099334800;1.000000000;0.000000000
245.970130678;-33.361838768;16.700105709;0.572768087;0.091685600;1.000000000;0.000000000
246.367010509;-33.038411699;16.930124255;0.660474169;0.084208900;1.000000000;0.000000000
246.765180840;-32.734545706;17.187427716;0.739503354;0.076872400;1.000000000;0.000000000
247.163449052;-32.450400460;17.466495894;0.808336980;0.069645300;1.000000000;0.000000000
247.560114095;-32.185765135;17.761980751;0.866258797;0.066063100;1.000000000;0.000000000
247.955707214;-31.937441235;18.069924182;0.910929800;0.058936700;1.000000000;0.000000000
248.351391807;-31.700788220;18.387038747;0.941238839;0.051845700;1.000000000;0.000000000
248.747701924;-31.471156001;18.710041461;0.957110905;0.044777500;1.000000000;0.000000000
249.144776334;-31.243894809;19.035649258;0.958601822;0.037725700;1.000000000;0.000000000
249.542605668;-31.014354637;19.360579232;0.945793082;0.030683100;1.000000000;0.000000000
249.941276872;-30.777885557;19.681548239;0.919389086;0.023647800;1.000000000;0.000000000
250.340835056;-30.530448634;19.995270587;0.882674706;0.016615700;1.000000000;0.000000000
250.740080205;-30.270680268;20.298448892;0.838690646;0.009583500;1.000000000;0.000000000
251.137693749;-29.997948381;20.587782347;0.787703302;0.002548500;1.000000000;0.000000000
251.532781084;-29.711658208;20.860054158;0.734461890;-0.004491900;1.000000000;0.000000000
251.926147251;-29.412961171;21.116017089;0.691635070;-0.011540300;1.000000000;0.000000000
252.319935843;-29.105474475;21.362028038;0.667691764;-0.018598900;1.000000000;0.000000000
252.715674112;-28.792998382;21.604860220;0.659907795;-0.022132800;1.000000000;0.000000000
253.113994148;-28.478129860;21.848820596;0.656474556;-0.029216600;1.000000000;0.000000000
253.514114761;-28.160516872;22.092169101;0.647856291;-0.036315900;1.000000000;0.000000000
253.915090195;-27.839363613;22.332256340;0.632807893;-0.043454200;1.000000000;0.000000000
254.316066372;-27.513874116;22.566432518;0.611251560;-0.050625900;1.000000000;0.000000000
254.716332512;-27.183252578;22.792048079;0.583047336;-0.057257000;1.000000000;0.000000000
255.115375317;-26.846703193;23.006453470;0.548052679;-0.058331000;1.000000000;0.000000000
255.512940753;-26.503440498;23.207025148;0.507844627;-0.057269500;1.000000000;0.000000000
255.909231269;-26.153188908;23.392416617;0.466550121;-0.055639300;1.000000000;0.000000000
256.304747160;-25.796403647;23.563112538;0.426897727;-0.054179200;1.000000000;0.000000000
256.699918922;-25.433596582;23.719738702;0.389152785;-0.052755800;1.000000000;0.000000000
257.095088269;-25.065279263;23.862920981;0.353362233;-0.051380200;1.000000000;0.000000000
257.490511380;-24.691963558;23.993285169;0.319548313;-0.050703900;1.000000000;0.000000000
257.886364100;-24.314161015;24.111457138;0.287712610;-0.049376300;1.000000000;0.000000000
258.282746252;-23.932383503;24.218062681;0.257840111;-0.048066700;1.000000000;0.000000000
258.679687515;-23.547142570;24.313727670;0.229903060;-0.046774200;1.000000000;0.000000000
259.077152063;-23.158950085;24.399077897;0.203864652;-0.045496500;1.000000000;0.000000000
259.475044343;-22.768317756;24.474739315;0.179681820;-0.044232700;1.000000000;0.000000000
259.873214145;-22.375757132;24.541337717;0.157308147;-0.042980600;1.000000000;0.000000000
260.271461101;-21.981780082;24.599498895;0.136696700;-0.041740000;1.000000000;0.000000000
260.669540219;-21.586897995;24.649848881;0.117902768;-0.040509800;1.000000000;0.000000000
261.067288132;-21.191509529;24.693108139;0.101256304;-0.039289000;1.000000000;0.000000000
261.464806659;-20.795728531;24.730234692;0.087059123;-0.038076800;1.000000000;0.000000000
261.862200017;-20.399624771;24.762223635;0.075362890;-0.036872000;1.000000000;0.000000000
262.259533916;-20.003267862;24.790070141;0.066173710;-0.035674100;1.000000000;0.000000000
262.656842673;-19.606727575;24.814769305;0.059493933;-0.034482700;1.000000000;0.000000000
263.054136939;-19.210073602;24.837316143;0.055315513;-0.033297000;1.000000000;0.000000000
263.451411486;-18.813374917;24.858698829;0.053161733;-0.032116400;1.000000000;0.000000000
263.848666357;-18.416666845;24.879534801;0.051876719;-0.030940100;1.000000000;0.000000000
264.245920408;-18.019934986;24.899896853;0.050717559;-0.029767700;1.000000000;0.000000000
264.643194017;-17.623160961;24.919814025;0.049629256;-0.028599000;1.000000000;0.000000000
265.040507627;-17.226326235;24.939315434;0.048612068;-0.027433400;1.000000000;0.000000000
265.437881276;-16.829412589;24.958430198;0.047665925;-0.026270500;1.000000000;0.000000000
265.835335149;-16.432401565;24.977187274;0.046771293;-0.025109600;1.000000000;0.000000000
266.232887522;-16.035275820;24.995600109;0.045545361;-0.023950600;1.000000000;0.000000000
266.630524394;-15.638037185;25.013391924;0.043305335;-0.022793300;1.000000000;0.000000000
267.028205143;-15.240704672;25.030030805;0.039720517;-0.021637300;1.000000000;0.000000000
267.425893121;-14.843297615;25.044976003;0.034779076;-0.020482300;1.000000000;0.000000000
267.823558424;-14.445835505;25.057686772;0.028479727;-0.019327900;1.000000000;0.000000000
268.221180327;-14.048337754;25.067622366;0.020820920;-0.018174000;1.000000000;0.000000000
268.618749343;-13.650823852;25.074242038;0.011913735;-0.017020300;1.000000000;0.000000000
269.016271649;-13.253311780;25.077094543;0.002866172;-0.015866800;1.000000000;0.000000000
269.413777135;-12.855806709;25.076520700;-0.004804559;-0.014713500;1.000000000;0.000000000
269.811289808;-12.458307287;25.073274868;-0.010572507;-0.013559800;1.000000000;0.000000000
270.208818658;-12.060811922;25.068115299;-0.014433094;-0.012405600;1.000000000;0.000000000
270.606361643;-11.663319103;25.061799932;-0.016386723;-0.011251400;1.000000000;0.000000000
271.003910110;-11.265827318;25.055086940;-0.016433558;-0.010096800;1.000000000;0.000000000
271.401453131;-10.868335056;25.048734339;-0.014713375;-0.008941300;1.000000000;0.000000000
271.798983081;-10.470841044;25.043389165;-0.012033446;-0.007785300;1.000000000;0.000000000
272.196501262;-10.073345281;25.039167411;-0.009260514;-0.006628500;1.000000000;0.000000000
272.594010863;-9.675848086;25.036026911;-0.006593840;-0.005470900;1.000000000;0.000000000
272.991514568;-9.278349937;25.033925263;-0.004033766;-0.004312400;1.000000000;0.000000000
273.389015049;-8.880850992;25.032820061;-0.001580029;-0.003152300;1.000000000;0.000000000
273.786514261;-8.483351809;25.032669142;0.000767349;-0.001987400;1.000000000;0.000000000
274.184014253;-8.085852545;25.033430102;0.003008041;-0.000801300;1.000000000;0.000000000
274.581516462;-7.688353680;25.035060536;0.005142237;0.000421900;1.000000000;0.000000000
274.979022209;-7.290855531;25.037518201;0.007169928;0.001593300;1.000000000;0.000000000
275.376532470;-6.893358495;25.040760692;0.009091209;0.002573300;1.000000000;0.000000000
275.774048129;-6.495862812;25.044745845;0.010905881;0.003064200;1.000000000;0.000000000
276.171569593;-6.098368959;25.049431097;0.012613946;0.003192000;1.000000000;0.000000000
276.569097210;-5.700877253;25.054774282;0.014215710;0.003204600;1.000000000;0.000000000
276.966631111;-5.303388014;25.060733077;0.015710782;0.003079000;1.000000000;0.000000000
277.364171152;-4.905901639;25.067264998;0.017099367;0.002957000;1.000000000;0.000000000
277.761717169;-4.508418367;25.074327880;0.018381583;0.002837800;1.000000000;0.000000000
278.159268508;-4.110938754;25.081879320;0.019557335;0.002715800;1.000000000;0.000000000
278.556824756;-3.713462961;25.089877072;0.020626536;0.002583600;1.000000000;0.000000000
278.954385038;-3.315991463;25.098278655;0.021589197;0.002428600;1.000000000;0.000000000
279.351948594;-2.918524499;25.107041822;0.022445526;0.002272000;1.000000000;0.000000000
279.749514303;-2.521062548;25.116124250;0.023195441;0.002116100;1.000000000;0.000000000
280.147081105;-2.123605928;25.125483616;0.023838838;0.001961800;1.000000000;0.000000000
280.544647853;-1.726154955;25.135077514;0.024375825;0.001808700;1.000000000;0.000000000
280.942213321;-1.328709950;25.144863700;0.024806515;0.001652600;1.000000000;0.000000000
281.339776068;-0.931271388;25.154799851;0.025130708;0.001483600;1.000000000;0.000000000
281.737334836;-0.533839510;25.164843563;0.025348499;0.001312200;1.000000000;0.000000000
282.134888181;-0.136414712;25.174952591;0.025469584;0.001141100;1.000000000;0.000000000
282.532435149;0.261002926;25.185092248;0.025530131;0.000971400;1.000000000;0.000000000
282.929976273;0.658414279;25.195249089;0.025561415;0.000803700;1.000000000;0.000000000
283.327512178;1.055820223;25.205413329;0.025568034;0.000638100;1.000000000;0.000000000
283.725043568;1.453221711;25.215575182;0.025549987;0.000473500;1.000000000;0.000000000
284.122571067;1.850619618;25.225724863;0.025507068;0.000310500;1.000000000;0.000000000
284.520095538;2.248015060;25.235852428;0.025439479;0.000149800;1.000000000;0.000000000
284.917617531;2.645408831;25.245948249;0.025347323;-0.000007400;1.000000000;0.000000000
285.315137753;3.042801886;25.256002462;0.025230299;-0.000162400;1.000000000;0.000000000
285.712656916;3.440195180;25.266005202;0.025088604;-0.000316200;1.000000000;0.000000000
286.110175737;3.837589667;25.275946763;0.024922240;-0.000468000;1.000000000;0.000000000
286.507694935;4.234986302;25.285817279;0.024731111;-0.000616700;1.000000000;0.000000000
286.905215156;4.632385960;25.295606967;0.024515215;-0.000761500;1.000000000;0.000000000
287.302737211;5.029789676;25.305305959;0.024274654;-0.000907000;1.000000000;0.000000000
287.700261679;5.427198244;25.314904551;0.024009531;-0.001526500;1.000000000;0.000000000
288.097789468;5.824612780;25.324392957;0.023719547;-0.003147900;1.000000000;0.000000000
288.495321167;6.222034077;25.333761233;0.023404905;-0.005778800;1.000000000;0.000000000
288.892857546;6.619463092;25.342999751;0.023065605;-0.007657500;1.000000000;0.000000000
289.290399451;7.016900858;25.352098568;0.022701451;-0.010376600;1.000000000;0.000000000
289.687947586;7.414348250;25.361047898;0.022312748;-0.013332900;1.000000000;0.000000000
290.085502748;7.811806223;25.369838035;0.021899298;-0.016351700;1.000000000;0.000000000
290.483065740;8.209275732;25.378459035;0.021461206;-0.019346600;1.000000000;0.000000000
290.880637303;8.606757652;25.386901271;0.020998475;-0.022322800;1.000000000;0.000000000
291.278218266;9.004252937;25.395154798;0.020510910;-0.025283600;1.000000000;0.000000000
291.675809477;9.401762543;25.403209832;0.019998713;-0.028242700;1.000000000;0.000000000
292.073411873;9.799287503;25.411056586;0.019461891;-0.031201300;1.000000000;0.000000000
292.471026172;10.196828613;25.418685275;0.018900452;-0.034159600;1.000000000;0.000000000
292.868653346;10.594386907;25.426086114;0.018400356;-0.037119200;1.000000000;0.000000000
293.266293791;10.991961590;25.433317656;0.018500622;-0.040079800;1.000000000;0.000000000
293.663946329;11.389543751;25.440798689;0.019803241;-0.043045200;1.000000000;0.000000000
294.061609991;11.787121457;25.449066457;0.022457099;-0.046017800;1.000000000;0.000000000
294.459286999;12.184682774;25.458658207;0.026462030;-0.049000300;1.000000000;0.000000000
294.856985180;12.582216008;25.470111185;0.031817576;-0.051995900;1.000000000;0.000000000
295.254719583;12.979709146;25.483962559;0.038521771;-0.055006700;1.000000000;0.000000000
295.652515093;13.377150332;25.500748619;0.045258247;-0.058039000;1.000000000;0.000000000
296.050321678;13.774492869;25.519957657;0.046859941;-0.061097200;1.000000000;0.000000000
296.447826292;14.171587666;25.538003178;0.038757754;-0.064187400;1.000000000;0.000000000
296.844710007;14.568267018;25.550737974;0.020194010;-0.067316600;1.000000000;0.000000000
297.240819921;14.964363379;25.554014675;-0.008909861;-0.070486300;1.000000000;0.000000000
297.636300321;15.359708884;25.543686150;-0.048595310;-0.073711700;1.000000000;0.000000000
298.031725762;15.754135986;25.515605191;-0.098748936;-0.076998700;1.000000000;0.000000000
298.428215980;16.147465605;25.465642169;-0.157477594;-0.080356300;1.000000000;0.000000000
298.826446068;16.538643852;25.391031296;-0.220519918;-0.082069900;1.000000000;0.000000000
299.225594521;16.925136051;25.291315361;-0.285556521;-0.085564300;1.000000000;0.000000000
299.624814906;17.304264247;25.166260467;-0.353019483;-0.089169400;1.000000000;0.000000000
300.023454227;17.673350402;25.015632718;-0.423551577;-0.092931100;1.000000000;0.000000000
300.421104826;18.029716558;24.839198136;-0.497738003;-0.096755500;1.000000000;0.000000000
300.817659445;18.370684760;24.636722826;-0.575998983;-0.100114700;1.000000000;0.000000000
301.213367201;18.693610144;24.408022533;-0.656868500;-0.101697700;1.000000000;0.000000000
301.608721824;18.996615652;24.154067930;-0.737087958;-0.099996600;1.000000000;0.000000000
302.004050144;19.278597275;23.876992408;-0.815129211;-0.097267700;1.000000000;0.000000000
302.399464969;19.538485135;23.578980355;-0.891321760;-0.094299000;1.000000000;0.000000000
302.794911363;19.775209115;23.262216077;-0.966138700;-0.091459800;1.000000000;0.000000000
303.190211458;19.987699179;22.928884203;-1.040096834;-0.088809800;1.000000000;0.000000000
303.585110112;20.174886401;22.581168959;-1.112295637;-0.087536500;1.000000000;0.000000000
303.979821209;20.336965380;22.221270009;-1.177245915;-0.085071600;1.000000000;0.000000000
304.375595876;20.477881487;21.851431885;-1.229681403;-0.082722500;1.000000000;0.000000000
304.773085398;20.602272958;21.473907472;-1.268815198;-0.080462300;1.000000000;0.000000000
305.172227152;20.714778026;21.090949577;-1.294878429;-0.078294500;1.000000000;0.000000000
305.572454405;20.820034765;20.704811166;-1.308123658;-0.076205000;1.000000000;0.000000000
305.972899724;20.922681408;20.317745124;-1.308731222;-0.074187000;1.000000000;0.000000000
306.372596151;21.027331209;19.931991767;-1.299433695;-0.072231900;1.000000000;0.000000000
306.771061584;21.136619801;19.548806818;-1.287521001;-0.070323200;1.000000000;0.000000000
307.168560282;21.249801419;19.167762022;-1.278113829;-0.068457700;1.000000000;0.000000000
307.565390443;21.365799104;18.788264047;-1.271706332;-0.066633400;1.000000000;0.000000000
307.961821601;21.483535739;18.409719798;-1.268323576;-0.064849100;1.000000000;0.000000000
308.358105925;21.601934365;18.031535940;-1.267978230;-0.063107000;1.000000000;0.000000000
308.754488668;21.719917943;17.653119299;-1.270633028;-0.061399900;1.000000000;0.000000000
309.151212891;21.836436725;17.273891817;-1.275328000;-0.059708000;1.000000000;0.000000000
309.548374817;21.951087197;16.893638133;-1.280214297;-0.058093300;1.000000000;0.000000000
309.945910007;22.064124738;16.512512508;-1.284323516;-0.056737300;1.000000000;0.000000000
310.343742590;22.175834318;16.130685671;-1.287618341;-0.056049100;1.000000000;0.000000000
310.741793132;22.286500991;15.748328349;-1.290102302;-0.058900200;1.000000000;0.000000000
311.139979230;22.396409726;15.365611432;-1.291777975;-0.062688000;1.000000000;0.000000000
311.538216501;22.505845577;14.982705806;-1.292647200;-0.068966200;1.000000000;0.000000000
311.936419595;22.615093436;14.599782041;-1.292710441;-0.073212700;1.000000000;0.000000000
312.334502322;22.724438433;14.217011184;-1.291967143;-0.077513900;1.000000000;0.000000000
312.732379157;22.834165541;13.834563884;-1.290416111;-0.081889100;1.000000000;0.000000000
313.129965527;22.944559731;13.452610949;-1.288054783;-0.086353300;1.000000000;0.000000000
313.527178748;23.055905976;13.071323188;-1.284879516;-0.090920700;1.000000000;0.000000000
313.923938760;23.168489328;12.690871488;-1.280885849;-0.095609600;1.000000000;0.000000000
314.320169109;23.282594758;12.311426577;-1.276443254;-0.100443800;1.000000000;0.000000000
314.715987294;23.398278512;11.932890840;-1.274057329;-0.105446200;1.000000000;0.000000000
315.112582755;23.514299110;11.553645298;-1.276602651;-0.108021500;1.000000000;0.000000000
315.511525152;23.628958413;11.171535000;-1.284859322;-0.113327000;1.000000000;0.000000000
315.914354923;23.740440700;10.784438727;-1.310251333;-0.118876900;1.000000000;0.000000000
316.317097876;23.836438793;10.393304157;-1.386288244;-0.124710800;1.000000000;0.000000000
316.709013646;23.885994882;10.004534090;-1.545030274;-0.127746900;1.000000000;0.000000000
317.089620001;23.856236948;9.625092839;-1.781607935;-0.133736500;1.000000000;0.000000000
317.475435258;23.727006044;9.261564593;-2.018217708;-0.138818700;1.000000000;0.000000000
317.876649078;23.517567855;8.919353876;-2.193306953;-0.135378300;1.000000000;0.000000000
318.287404159;23.254807760;8.603637439;-2.314900051;-0.133046200;1.000000000;0.000000000
318.693308958;22.965133166;8.319300780;-2.402151439;-0.127047300;1.000000000;0.000000000
319.088610659;22.663248532;8.064096739;-2.466658124;-0.121400000;1.000000000;0.000000000
319.479238045;22.351744781;7.828395301;-2.509473398;-0.116083800;1.000000000;0.000000000
319.870335674;22.032647584;7.602266280;-2.532851818;-0.113529100;1.000000000;0.000000000
320.264543116;21.707524366;7.379343871;-2.547572224;-0.108644500;1.000000000;0.000000000
320.661369530;21.377136089;7.159537617;-2.561567696;-0.104006500;1.000000000;0.000000000
321.060024132;21.042161448;6.943395346;-2.575650944;-0.099575400;1.000000000;0.000000000
321.459718661;20.703279223;6.731464804;-2.589906964;-0.095319700;1.000000000;0.000000000
321.859668418;20.361168190;6.524293741;-2.604421728;-0.091218300;1.000000000;0.000000000
322.259093259;20.016507206;6.322429903;-2.619257580;-0.087248000;1.000000000;0.000000000
322.657245145;19.669962560;6.126389773;-2.633804837;-0.083382700;1.000000000;0.000000000
323.054029343;19.321891539;5.935905483;-2.646704579;-0.079605100;1.000000000;0.000000000
323.450005796;18.972327796;5.749887902;-2.657161050;-0.075902300;1.000000000;0.000000000
323.845732328;18.621289470;5.567208997;-2.665087888;-0.072264400;1.000000000;0.000000000
324.241738985;18.268794780;5.386740813;-2.670454005;-0.068669500;1.000000000;0.000000000
324.638535635;17.914861943;5.207355394;-2.673249883;-0.065123700;1.000000000;0.000000000
325.036619421;17.559509180;5.027925424;-2.675352519;-0.059879100;1.000000000;0.000000000
325.436057761;17.202464166;4.848844867;-2.684530490;-0.056420800;1.000000000;0.000000000
325.835630714;16.842536098;4.675321582;-2.707903387;-0.052988600;1.000000000;0.000000000
326.234142189;16.478352782;4.513513336;-2.746621926;-0.049578200;1.000000000;0.000000000
326.631004769;16.108596920;4.369358873;-2.793478253;-0.046185700;1.000000000;0.000000000
327.026893410;15.733361114;4.243160989;-2.833413844;-0.042800500;1.000000000;0.000000000
327.422766354;15.354236817;4.129230504;-2.858105721;-0.039426700;1.000000000;0.000000000
327.819015409;14.972882944;4.021608307;-2.869596705;-0.036060400;1.000000000;0.000000000
328.215694887;14.590462613;3.916207650;-2.874772193;-0.032698400;1.000000000;0.000000000
328.612744706;14.207242182;3.812329548;-2.878527696;-0.029338900;1.000000000;0.000000000
329.010094039;13.823393809;3.709631352;-2.881332838;-0.025980400;1.000000000;0.000000000
329.407668520;13.439089418;3.607770649;-2.883191211;-0.022622000;1.000000000;0.000000000
329.805391042;13.054501089;3.506404868;-2.884105085;-0.019261300;1.000000000;0.000000000
330.203182917;12.669800903;3.405191517;-2.884084749;-0.015892700;1.000000000;0.000000000
330.600966468;12.285157680;3.303794550;-2.883375787;-0.012505700;1.000000000;0.000000000
330.998702862;11.900655033;3.202049999;-2.882468704;-0.009082600;1.000000000;0.000000000
331.396394646;11.516285087;3.099978948;-2.881630179;-0.005650400;1.000000000;0.000000000
331.794046530;11.132035272;2.997611469;-2.880872885;-0.002567300;1.000000000;0.000000000
332.191662781;10.747893335;2.894977873;-2.880196896;-0.000362300;1.000000000;0.000000000
332.589248037;10.363846628;2.792108232;-2.879602210;0.000171800;1.000000000;0.000000000
332.986806608;9.979882739;2.689032778;-2.879088856;0.000160800;1.000000000;0.000000000
333.384342690;9.595989338;2.585781662;-2.878656948;0.000139300;1.000000000;0.000000000
333.781860722;9.212153774;2.482385118;-2.878306508;0.000121300;1.000000000;0.000000000
334.179364817;8.828363716;2.378873295;-2.878037382;0.000107200;1.000000000;0.000000000
334.576859135;8.444606755;2.275276347;-2.877849887;0.000095100;1.000000000;0.000000000
334.974348005;8.060870239;2.171624585;-2.877743784;0.000083900;1.000000000;0.000000000
335.371835438;7.677141917;2.067948000;-2.877719080;0.000073400;1.000000000;0.000000000
335.769325739;7.293409141;1.964276905;-2.877771347;0.000063500;1.000000000;0.000000000
336.166822385;6.909661089;1.860638031;-2.877867798;0.000054300;1.000000000;0.000000000
336.564326260;6.525895217;1.757037423;-2.877969984;0.000045700;1.000000000;0.000000000
336.961836902;6.142112479;1.653473332;-2.878067343;0.000038100;1.000000000;0.000000000
337.359354005;5.758313670;1.549944007;-2.878159945;0.000031100;1.000000000;0.000000000
337.756877007;5.374499825;1.446447778;-2.878247746;0.000024900;1.000000000;0.000000000
338.154405772;4.990671581;1.342982815;-2.878330842;0.000019400;1.000000000;0.000000000
338.551939722;4.606829970;1.239547526;-2.878409086;0.000014700;1.000000000;0.000000000
338.949478585;4.222975790;1.136140002;-2.878482531;0.000011200;1.000000000;0.000000000
339.347021933;3.839109915;1.032758653;-2.878551222;0.000008500;1.000000000;0.000000000
339.744569321;3.455233300;0.929401648;-2.878615112;0.000006700;1.000000000;0.000000000
340.142120495;3.071346661;0.826067316;-2.878674275;0.000006000;1.000000000;0.000000000
340.539674912;2.687451032;0.722753908;-2.878728615;0.000006300;1.000000000;0.000000000
340.937232336;2.303547129;0.619459673;-2.878778155;0.000008100;1.000000000;0.000000000
341.334792302;1.919635907;0.516182861;-2.878822969;0.000011100;1.000000000;0.000000000
341.732354476;1.535718161;0.412921801;-2.878863057;0.000015300;1.000000000;0.000000000
342.129918391;1.151794846;0.309674744;-2.878898197;0.000020900;1.000000000;0.000000000
342.527483678;0.767866837;0.206439858;-2.878928636;0.000027800;1.000000000;0.000000000
342.925049983;0.383934930;0.103215553;-2.878954376;0.000036600;1.000000000;0.000000000
