0.000000000,0.000000000,1.100000000,1.100000000
-0.383936999,-0.103208473,1.100000000,1.100000000
-0.767875350,-0.206411695,1.100000000,1.100000000
-1.151814019,-0.309611257,1.100000000,1.100000000
-1.535752211,-0.412809070,1.100000000,1.100000000
-1.919689130,-0.516006723,1.100000000,1.100000000
-2.303623742,-0.619205967,1.100000000,1.100000000
-2.687555331,-0.722408632,1.100000000,1.100000000
-3.071483021,-0.825616309,1.100000000,1.100000000
-3.455406018,-0.928830510,1.100000000,1.100000000
-3.839324480,-1.032051235,1.100000000,1.100000000
-4.223238646,-1.135278244,1.100000000,1.100000000
-4.607148595,-1.238511380,1.100000000,1.100000000
-4.991054566,-1.341750482,1.100000000,1.100000000
-5.374956799,-1.444995312,1.100000000,1.100000000
-5.758855531,-1.548245552,1.100000000,1.100000000
-6.142750921,-1.651501202,1.100000000,1.100000000
-6.526643129,-1.754761864,1.100000000,1.100000000
-6.910532394,-1.858027458,1.100000000,1.100000000
-7.294418954,-1.961297747,1.100000000,1.100000000
-7.678302967,-2.064572570,1.100000000,1.100000000
-8.062184674,-2.167851689,1.100000000,1.100000000
-8.446064233,-2.271134786,1.100000000,1.100000000
-8.829941803,-2.374421861,1.100000000,1.100000000
-9.213817781,-2.477712595,1.100000000,1.100000000
-9.597692169,-2.581006751,1.100000000,1.100000000
-9.981565204,-2.684304247,1.100000000,1.100000000
-10.365437205,-2.787604767,1.100000000,1.100000000
-10.749308251,-2.890908151,1.100000000,1.100000000
-11.133178581,-2.994214240,1.100000000,1.100000000
-11.517048434,-3.097522715,1.100000000,1.100000000
-11.900917968,-3.200833498,1.100000000,1.100000000
-12.284787423,-3.304146270,1.100000000,1.100000000
-12.668657037,-3.407460951,1.100000000,1.100000000
-13.052526890,-3.510777223,1.100000000,1.100000000
-13.436397220,-3.614094927,1.100000000,1.100000000
-13.820268346,-3.717413904,1.100000000,1.100000000
-14.204140347,-3.820733836,1.100000000,1.100000000
-14.588013461,-3.924054643,1.100000000,1.100000000
-14.971887928,-4.027376086,1.100000000,1.100000000
-15.355763827,-4.130697927,1.100000000,1.100000000
-15.739641556,-4.234020007,1.100000000,1.100000000
-16.123521195,-4.337342086,1.100000000,1.100000000
-16.507402981,-4.440663927,1.100000000,1.100000000
-16.891287074,-4.543985371,1.100000000,1.100000000
-17.275173713,-4.647306257,1.100000000,1.100000000
-17.659063058,-4.750626348,1.100000000,1.100000000
-18.042955425,-4.853945404,1.100000000,1.100000000
-18.426850895,-4.957263268,1.100000000,1.100000000
-18.810749706,-5.060579619,1.100000000,1.100000000
-19.194652098,-5.163894459,1.100000000,1.100000000
-19.578558228,-5.267207470,1.100000000,1.100000000
-19.962468337,-5.370518412,1.100000000,1.100000000
-20.346382582,-5.473827126,1.100000000,1.100000000
-20.730301203,-5.577133374,1.100000000,1.100000000
-21.114224359,-5.680437076,1.100000000,1.100000000
-21.498152288,-5.783737834,1.100000000,1.100000000
-21.882085229,-5.887035649,1.100000000,1.100000000
-22.266023342,-5.990330123,1.100000000,1.100000000
-22.649966864,-6.093621176,1.100000000,1.100000000
-23.033915955,-6.196908569,1.100000000,1.100000000
-23.417870775,-6.300192143,1.100000000,1.100000000
-23.801831640,-6.403471580,1.100000000,1.100000000
-24.185797518,-6.506746562,1.100000000,1.100000000
-24.569763157,-6.610015657,1.100000000,1.100000000
-24.953722113,-6.713277354,1.100000000,1.100000000
-25.337668022,-6.816529980,1.100000000,1.100000000
-25.721594519,-6.919772106,1.100000000,1.100000000
-26.105495161,-7.023002059,1.100000000,1.100000000
-26.489363740,-7.126218249,1.100000000,1.100000000
-26.873193735,-7.229419243,1.100000000,1.100000000
-27.256978781,-7.332603372,1.100000000,1.100000000
-27.640712592,-7.435769043,1.100000000,1.100000000
-28.024388644,-7.538914666,1.100000000,1.100000000
-28.408000733,-7.642038809,1.100000000,1.100000000
-28.791542415,-7.745139800,1.100000000,1.100000000
-29.175009393,-7.848217323,1.100000000,1.100000000
-29.558476530,-7.951318474,1.100000000,1.100000000
-29.942119566,-8.054550734,1.100000000,1.100000000
-30.326120767,-8.158025324,1.100000000,1.100000000
-30.710662476,-8.261853702,1.100000000,1.100000000
-31.095926878,-8.366147169,1.100000000,1.100000000
-31.482096237,-8.471017103,1.100000000,1.100000000
-31.869050581,-8.576336851,1.100000000,1.100000000
-32.252201719,-8.678462955,1.100000000,1.100000000
-32.624872061,-8.772384221,1.100000000,1.100000000
-32.999935945,-8.872591896,1.100000000,1.100000000
-33.396885789,-8.994200872,1.100000000,1.100000000
-33.801994330,-9.095399187,1.100000000,1.100000000
-34.193157063,-9.120088009,1.100000000,1.100000000
-34.550165242,-9.020283527,1.100000000,1.100000000
-34.866458067,-8.806431215,1.100000000,1.100000000
-35.141453500,-8.514571756,1.100000000,1.100000000
-35.374622809,-8.180804786,1.100000000,1.100000000
-35.570474549,-7.832287054,1.100000000,1.100000000
-35.744338097,-7.476964363,1.100000000,1.100000000
-35.912944541,-7.120294141,1.100000000,1.100000000
-36.089982958,-6.766799105,1.100000000,1.100000000
-36.277394451,-6.417391691,1.100000000,1.100000000
-36.474284008,-6.072112791,1.100000000,1.100000000
-36.679756855,-5.731003297,1.100000000,1.100000000
-36.892917899,-5.394104180,1.100000000,1.100000000
-37.112872367,-5.061456254,1.100000000,1.100000000
-37.338724769,-4.733099058,1.100000000,1.100000000
-37.569500138,-4.408787001,1.100000000,1.100000000
-37.804049039,-4.087652278,1.100000000,1.100000000
-38.041199443,-3.768745221,1.100000000,1.100000000
-38.279778923,-3.451116004,1.100000000,1.100000000
-38.518615372,-3.133814878,1.100000000,1.100000000
-38.756536521,-2.815892097,1.100000000,1.100000000
-38.992388560,-2.496412470,1.100000000,1.100000000
-39.225715073,-2.174995480,1.100000000,1.100000000
-39.456956962,-1.851973832,1.100000000,1.100000000
-39.686614161,-1.527727091,1.100000000,1.100000000
-39.915186526,-1.202635060,1.100000000,1.100000000
-40.143173911,-0.877077383,1.100000000,1.100000000
-40.371076250,-0.551433627,1.100000000,1.100000000
-40.599306044,-0.226017402,1.100000000,1.100000000
-40.827926461,0.099122760,1.100000000,1.100000000
-41.056913316,0.424004444,1.100000000,1.100000000
-41.286242424,0.748645150,1.100000000,1.100000000
-41.515889600,1.073062460,1.100000000,1.100000000
-41.745830658,1.397273958,1.100000000,1.100000000
-41.976041493,1.721297225,1.100000000,1.100000000
-42.206497839,2.045149763,1.100000000,1.100000000
-42.437175512,2.368849234,1.100000000,1.100000000
-42.668050406,2.692413141,1.100000000,1.100000000
-42.899098257,3.015859065,1.100000000,1.100000000
-43.130294958,3.339204588,1.100000000,1.100000000
-43.361616244,3.662467213,1.100000000,1.100000000
-43.593038011,3.985664602,1.100000000,1.100000000
-43.824535993,4.308814337,1.100000000,1.100000000
-44.056086005,4.631933840,1.100000000,1.100000000
-44.287664021,4.955040773,1.100000000,1.100000000
-44.519245697,5.278152718,1.100000000,1.100000000
-44.750806927,5.601287257,1.100000000,1.100000000
-44.982323525,5.924461892,1.100000000,1.100000000
-45.213771227,6.247694207,1.100000000,1.100000000
-45.445126007,6.571001782,1.100000000,1.100000000
-45.676363521,6.894402199,1.100000000,1.100000000
-45.907459662,7.217912962,1.100000000,1.100000000
-46.138390246,7.541551731,1.100000000,1.100000000
-46.369131087,7.865336009,1.100000000,1.100000000
-46.599658080,8.189283459,1.100000000,1.100000000
-46.829885780,8.513449370,1.100000000,1.100000000
-47.059252837,8.838184272,1.100000000,1.100000000
-47.286974503,9.163976879,1.100000000,1.100000000
-47.512264837,9.491316863,1.100000000,1.100000000
-47.734337660,9.820693816,1.100000000,1.100000000
-47.952407033,10.152597331,1.100000000,1.100000000
-48.165686855,10.487516997,1.100000000,1.100000000
-48.373634153,10.825788944,1.100000000,1.100000000
-48.576737325,11.167098364,1.100000000,1.100000000
-48.775758284,11.510957575,1.100000000,1.100000000
-48.971458946,11.856879054,1.100000000,1.100000000
-49.164601384,12.204375119,1.100000000,1.100000000
-49.355947431,12.552958167,1.100000000,1.100000000
-49.546258447,12.902141072,1.100000000,1.100000000
-49.736074302,13.251576013,1.100000000,1.100000000
-49.925407327,13.601247634,1.100000000,1.100000000
-50.114192685,13.951189112,1.100000000,1.100000000
-50.302365535,14.301433542,1.100000000,1.100000000
-50.489861040,14.652014179,1.100000000,1.100000000
-50.676614441,15.002964196,1.100000000,1.100000000
-50.862560898,15.354316692,1.100000000,1.100000000
-51.047635573,15.706104919,1.100000000,1.100000000
-51.231773627,16.058361893,1.100000000,1.100000000
-51.414910301,16.411120951,1.100000000,1.100000000
-51.596980678,16.764415265,1.100000000,1.100000000
-51.777920076,17.118277853,1.100000000,1.100000000
-51.957663579,17.472741968,1.100000000,1.100000000
-52.136164964,17.827831240,1.100000000,1.100000000
-52.313459633,18.183527530,1.100000000,1.100000000
-52.489605583,18.539801162,1.100000000,1.100000000
-52.664660652,18.896622303,1.100000000,1.100000000
-52.838682757,19.253961438,1.100000000,1.100000000
-53.011729816,19.611788812,1.100000000,1.100000000
-53.183859745,19.970074671,1.100000000,1.100000000
-53.355130383,20.328789420,1.100000000,1.100000000
-53.525599726,20.687903305,1.100000000,1.100000000
-53.695325612,21.047386651,1.100000000,1.100000000
-53.864365958,21.407209784,1.100000000,1.100000000
-54.032778681,21.767343028,1.100000000,1.100000000
-54.200621620,22.127756630,1.100000000,1.100000000
-54.367952850,22.488420916,1.100000000,1.100000000
-54.534830050,22.849306210,1.100000000,1.100000000
-54.701311296,23.210382837,1.100000000,1.100000000
-54.867454427,23.571621124,1.100000000,1.100000000
-55.033317439,23.932991316,1.100000000,1.100000000
-55.198958089,24.294463738,1.100000000,1.100000000
-55.364434296,24.656008715,1.100000000,1.100000000
-55.529804057,25.017596574,1.100000000,1.100000000
-55.695125287,25.379197639,1.100000000,1.100000000
-55.860455826,25.740782157,1.100000000,1.100000000
-56.025853511,26.102320452,1.100000000,1.100000000
-56.191376418,26.463782849,1.100000000,1.100000000
-56.357082305,26.825139676,1.100000000,1.100000000
-56.523029169,27.186361176,1.100000000,1.100000000
-56.689257346,27.547426427,1.100000000,1.100000000
-56.855656251,27.908390004,1.100000000,1.100000000
-57.022037734,28.269344990,1.100000000,1.100000000
-57.188213164,28.630384942,1.100000000,1.100000000
-57.353993755,28.991603260,1.100000000,1.100000000
-57.519190878,29.353093502,1.100000000,1.100000000
-57.683615743,29.714949069,1.100000000,1.100000000
-57.847264295,30.077177837,1.100000000,1.100000000
-58.010995586,30.439387113,1.100000000,1.100000000
-58.175920942,30.801067098,1.100000000,1.100000000
-58.343151692,31.161707994,1.100000000,1.100000000
-58.513799083,31.520800080,1.100000000,1.100000000
-58.688974442,31.877833638,1.100000000,1.100000000
-58.869789334,32.232298231,1.100000000,1.100000000
-59.057475139,32.583403305,1.100000000,1.100000000
-59.253576368,32.929624872,1.100000000,1.100000000
-59.459688135,33.269320803,1.100000000,1.100000000
-59.677208885,33.601010469,1.100000000,1.100000000
-59.903789946,33.926292401,1.100000000,1.100000000
-60.133723526,34.249525432,1.100000000,1.100000000
-60.361235002,34.575125512,1.100000000,1.100000000
-60.583524459,34.905183072,1.100000000,1.100000000
-60.802320025,35.238248830,1.100000000,1.100000000
-61.019729634,35.572576754,1.100000000,1.100000000
-61.237861141,35.906420576,1.100000000,1.100000000
-61.458822637,36.238034345,1.100000000,1.100000000
-61.684722057,36.565671712,1.100000000,1.100000000
-61.917304874,36.887884746,1.100000000,1.100000000
-62.156561938,37.204669151,1.100000000,1.100000000
-62.401953618,37.516456920,1.100000000,1.100000000
-62.652940121,37.823680204,1.100000000,1.100000000
-62.908981575,38.126771076,1.100000000,1.100000000
-63.169538347,38.426161609,1.100000000,1.100000000
-63.434070646,38.722284112,1.100000000,1.100000000
-63.702038680,39.015570579,1.100000000,1.100000000
-63.972902655,39.306453161,1.100000000,1.100000000
-64.246122861,39.595363932,1.100000000,1.100000000
-64.521159425,39.882735121,1.100000000,1.100000000
-64.797472715,40.168998802,1.100000000,1.100000000
-65.074522938,40.454587127,1.100000000,1.100000000
-65.351773564,40.739929542,1.100000000,1.100000000
-65.628895945,41.025291528,1.100000000,1.100000000
-65.905887296,41.310681041,1.100000000,1.100000000
-66.182773553,41.596083600,1.100000000,1.100000000
-66.459580492,41.881484569,1.100000000,1.100000000
-66.736334048,42.166869308,1.100000000,1.100000000
-67.013059998,42.452223339,1.100000000,1.100000000
-67.289784278,42.737532021,1.100000000,1.100000000
-67.566532663,43.022780798,1.100000000,1.100000000
-67.843331009,43.307955030,1.100000000,1.100000000
-68.120205253,43.593040239,1.100000000,1.100000000
-68.397181170,43.878021785,1.100000000,1.100000000
-68.674284696,44.162885030,1.100000000,1.100000000
-68.951541607,44.447615574,1.100000000,1.100000000
-69.228978158,44.732197587,1.100000000,1.100000000
-69.506624499,45.016605131,1.100000000,1.100000000
-69.784512533,45.300806465,1.100000000,1.100000000
-70.062674561,45.584769685,1.100000000,1.100000000
-70.341142802,45.868462891,1.100000000,1.100000000
-70.619949239,46.151854337,1.100000000,1.100000000
-70.899126091,46.434912123,1.100000000,1.100000000
-71.178705580,46.717604506,1.100000000,1.100000000
-71.458719766,46.999899423,1.100000000,1.100000000
-71.739200871,47.281765211,1.100000000,1.100000000
-72.020181035,47.563169969,1.100000000,1.100000000
-72.301692398,47.844081793,1.100000000,1.100000000
-72.583767102,48.124468941,1.100000000,1.100000000
-72.866437209,48.404299590,1.100000000,1.100000000
-73.149635730,48.683618292,1.100000000,1.100000000
-73.433011584,48.962688619,1.100000000,1.100000000
-73.716163167,49.241813123,1.100000000,1.100000000
-73.998688799,49.521294279,1.100000000,1.100000000
-74.280186956,49.801434643,1.100000000,1.100000000
-74.560255957,50.082536767,1.100000000,1.100000000
-74.838474231,50.364929777,1.100000000,1.100000000
-75.112985164,50.650866321,1.100000000,1.100000000
-75.379551329,50.945789906,1.100000000,1.100000000
-75.633703710,51.255443805,1.100000000,1.100000000
-75.862462397,51.585213053,1.100000000,1.100000000
-76.028032720,51.939437782,1.100000000,1.100000000
-76.088121954,52.322268625,1.100000000,1.100000000
-76.006491398,52.720132894,1.100000000,1.100000000
-75.778045051,53.028281502,1.100000000,1.100000000
-75.420170500,53.151441117,1.100000000,1.100000000
-75.010729701,53.182635050,1.100000000,1.100000000
-74.608574224,53.215896262,1.100000000,1.100000000
-74.214105116,53.257189994,1.100000000,1.100000000
-73.822685335,53.304887321,1.100000000,1.100000000
-73.430812081,53.357314691,1.100000000,1.100000000
-73.038063306,53.412677383,1.100000000,1.100000000
-72.644535114,53.469160234,1.100000000,1.100000000
-72.250323450,53.524948157,1.100000000,1.100000000
-71.855524500,53.578226067,1.100000000,1.100000000
-71.460234287,53.627178799,1.100000000,1.100000000
-71.064548518,53.670005269,1.100000000,1.100000000
-70.668538556,53.705792644,1.100000000,1.100000000
-70.272237098,53.735029005,1.100000000,1.100000000
-69.875673819,53.758325665,1.100000000,1.100000000
-69.478878155,53.776294017,1.100000000,1.100000000
-69.081879621,53.789545613,1.100000000,1.100000000
-68.684707575,53.798691607,1.100000000,1.100000000
-68.287391690,53.804343631,1.100000000,1.100000000
-67.889961402,53.807113078,1.100000000,1.100000000
-67.492446148,53.807611183,1.100000000,1.100000000
-67.094875443,53.806449496,1.100000000,1.100000000
-66.697278803,53.804239412,1.100000000,1.100000000
-66.299685742,53.801592323,1.100000000,1.100000000
-65.902125698,53.799119622,1.100000000,1.100000000
-65.504625241,53.797385843,1.100000000,1.100000000
-65.107182145,53.796503003,1.100000000,1.100000000
-64.709778111,53.796329331,1.100000000,1.100000000
-64.312394842,53.796720431,1.100000000,1.100000000
-63.915013720,53.797531989,1.100000000,1.100000000
-63.517616369,53.798619449,1.100000000,1.100000000
-63.120184331,53.799838416,1.100000000,1.100000000
-62.722711004,53.800867164,1.100000000,1.100000000
-62.325251042,53.800468664,1.100000000,1.100000000
-61.927878592,53.797110736,1.100000000,1.100000000
-61.530667960,53.789261357,1.100000000,1.100000000
-61.133693453,53.775388423,1.100000000,1.100000000
-60.737029296,53.753959834,1.100000000,1.100000000
-60.340749716,53.723444917,1.100000000,1.100000000
-59.944877626,53.683751230,1.100000000,1.100000000
-59.549288280,53.638922238,1.100000000,1.100000000
-59.153830600,53.593739697,1.100000000,1.100000000
-58.758355258,53.552819007,1.100000000,1.100000000
-58.362750160,53.517099414,1.100000000,1.100000000
-57.966939487,53.483930089,1.100000000,1.100000000
-57.570853151,53.450509206,1.100000000,1.100000000
-57.174710726,53.413899692,1.100000000,1.100000000
-56.779213666,53.370940124,1.100000000,1.100000000
-56.385108609,53.318449268,1.100000000,1.100000000
-55.992832480,53.254818887,1.100000000,1.100000000
-55.601915497,53.183042778,1.100000000,1.100000000
-55.211723037,53.106951833,1.100000000,1.100000000
-54.821698362,53.029907163,1.100000000,1.100000000
-54.431700258,52.952756444,1.100000000,1.100000000
-54.041726261,52.875510177,1.100000000,1.100000000
-53.651773903,52.798178228,1.100000000,1.100000000
-53.261840797,52.720770541,1.100000000,1.100000000
-52.871924478,52.643297060,1.100000000,1.100000000
-52.482022480,52.565767651,1.100000000,1.100000000
-52.092132414,52.488192259,1.100000000,1.100000000
-51.702251816,52.410580827,1.100000000,1.100000000
-51.312378219,52.332943141,1.100000000,1.100000000
-50.922509157,52.255289306,1.100000000,1.100000000
-50.532642322,52.177629106,1.100000000,1.100000000
-50.142775090,52.099972486,1.100000000,1.100000000
-49.752905152,52.022329470,1.100000000,1.100000000
-49.363030044,51.944709764,1.100000000,1.100000000
-48.973147298,51.867123472,1.100000000,1.100000000
-48.583254448,51.789580459,1.100000000,1.100000000
-48.193349187,51.712090590,1.100000000,1.100000000
-47.803428891,51.634663889,1.100000000,1.100000000
-47.413491250,51.557310141,1.100000000,1.100000000
-47.023533721,51.480039291,1.100000000,1.100000000
-46.633553916,51.402861364,1.100000000,1.100000000
-46.243549448,51.325786144,1.100000000,1.100000000
-45.853517852,51.248823576,1.100000000,1.100000000
-45.463456580,51.171983685,1.100000000,1.100000000
-45.073363327,51.095276256,1.100000000,1.100000000
-44.683235626,51.018711312,1.100000000,1.100000000
-44.293071329,50.942297288,1.100000000,1.100000000
-43.902872982,50.866027580,1.100000000,1.100000000
-43.512645517,50.789886355,1.100000000,1.100000000
-43.122394185,50.713857464,1.100000000,1.100000000
-42.732123998,50.637924997,1.100000000,1.100000000
-42.341840127,50.562072961,1.100000000,1.100000000
-41.951547664,50.486285286,1.100000000,1.100000000
-41.561251780,50.410545982,1.100000000,1.100000000
-41.170957487,50.334838978,1.100000000,1.100000000
-40.780670037,50.259148362,1.100000000,1.100000000
-40.390394360,50.183458065,1.100000000,1.100000000
-40.000135788,50.107752095,1.100000000,1.100000000
-39.609899333,50.032014461,1.100000000,1.100000000
-39.219690087,49.956229094,1.100000000,1.100000000
-38.829503752,49.880425985,1.100000000,1.100000000
-38.439306598,49.804780717,1.100000000,1.100000000
-38.049058926,49.729497352,1.100000000,1.100000000
-37.658720877,49.654779874,1.100000000,1.100000000
-37.268252992,49.580832424,1.100000000,1.100000000
-36.877615332,49.507859146,1.100000000,1.100000000
-36.486768439,49.436064103,1.100000000,1.100000000
-36.095672454,49.365651436,1.100000000,1.100000000
-35.704287837,49.296825129,1.100000000,1.100000000
-35.312574730,49.229789325,1.100000000,1.100000000
-34.920493515,49.164748166,1.100000000,1.100000000
-34.528004572,49.101905634,1.100000000,1.100000000
-34.135068123,49.041465953,1.100000000,1.100000000
-33.741654970,48.983610273,1.100000000,1.100000000
-33.347797811,48.928384736,1.100000000,1.100000000
-32.953551939,48.875786002,1.100000000,1.100000000
-32.558972723,48.825810807,1.100000000,1.100000000
-32.164115458,48.778455733,1.100000000,1.100000000
-31.769035593,48.733717356,1.100000000,1.100000000
-31.373788420,48.691592496,1.100000000,1.100000000
-30.978414911,48.652063968,1.100000000,1.100000000
-30.582908622,48.615070593,1.100000000,1.100000000
-30.187253641,48.580541645,1.100000000,1.100000000
-29.791433979,48.548406716,1.100000000,1.100000000
-29.395433643,48.518595320,1.100000000,1.100000000
-28.999236643,48.491036889,1.100000000,1.100000000
-28.602827147,48.465660538,1.100000000,1.100000000
-28.206202291,48.442350274,1.100000000,1.100000000
-27.809383635,48.420905852,1.100000000,1.100000000
-27.412395603,48.401117721,1.100000000,1.100000000
-27.015262381,48.382776328,1.100000000,1.100000000
-26.618008311,48.365672042,1.100000000,1.100000000
-26.220657580,48.349595389,1.100000000,1.100000000
-25.823234532,48.334336737,1.100000000,1.100000000
-25.425763432,48.319686694,1.100000000,1.100000000
-25.028268624,48.305435628,1.100000000,1.100000000
-24.630774294,48.291373907,1.100000000,1.100000000
-24.233304785,48.277292137,1.100000000,1.100000000
-23.835884283,48.262980608,1.100000000,1.100000000
-23.438537211,48.248229926,1.100000000,1.100000000
-23.041285847,48.232843108,1.100000000,1.100000000
-22.644128757,48.216776957,1.100000000,1.100000000
-22.247048916,48.200090581,1.100000000,1.100000000
-21.850028823,48.182844763,1.100000000,1.100000000
-21.453051134,48.165100284,1.100000000,1.100000000
-21.056098425,48.146918163,1.100000000,1.100000000
-20.659153274,48.128359103,1.100000000,1.100000000
-20.262198337,48.109484044,1.100000000,1.100000000
-19.865216113,48.090353767,1.100000000,1.100000000
-19.468189257,48.071029133,1.100000000,1.100000000
-19.071100348,48.051571004,1.100000000,1.100000000
-18.673931961,48.032040318,1.100000000,1.100000000
-18.276666753,48.012497778,1.100000000,1.100000000
-17.879287223,47.993004325,1.100000000,1.100000000
-17.481796790,47.973691625,1.100000000,1.100000000
-17.084270955,47.954937094,1.100000000,1.100000000
-16.686801128,47.937171532,1.100000000,1.100000000
-16.289478322,47.920825898,1.100000000,1.100000000
-15.892393867,47.906330991,1.100000000,1.100000000
-15.495638936,47.894117609,1.100000000,1.100000000
-15.099305337,47.884580913,1.100000000,1.100000000
-14.703556401,47.873477665,1.100000000,1.100000000
-14.308697305,47.847382997,1.100000000,1.100000000
-13.915049937,47.791792295,1.100000000,1.100000000
-13.526172469,47.693253879,1.100000000,1.100000000
-13.157065789,47.542038842,1.100000000,1.100000000
-12.825258618,47.329240655,1.100000000,1.100000000
-12.547624767,47.048831072,1.100000000,1.100000000
-12.336847241,46.713199294,1.100000000,1.100000000
-12.203957765,46.341991681,1.100000000,1.100000000
-12.159887187,45.954831046,1.100000000,1.100000000
-12.204178296,45.566524079,1.100000000,1.100000000
-12.314439388,45.182601003,1.100000000,1.100000000
-12.465784262,44.807536562,1.100000000,1.100000000
-12.637795254,44.444608332,1.100000000,1.100000000
-12.825248355,44.093023054,1.100000000,1.100000000
-13.026145738,43.751122847,1.100000000,1.100000000
-13.238489497,43.417250146,1.100000000,1.100000000
-13.460281724,43.089747150,1.100000000,1.100000000
-13.689524672,42.766956136,1.100000000,1.100000000
-13.924226561,42.447225509,1.100000000,1.100000000
-14.163135883,42.129639093,1.100000000,1.100000000
-14.406433552,41.814703983,1.100000000,1.100000000
-14.654464683,41.503090204,1.100000000,1.100000000
-14.907574076,41.195467784,1.100000000,1.100000000
-15.166106688,40.892506828,1.100000000,1.100000000
-15.430407636,40.594877203,1.100000000,1.100000000
-15.700821719,40.303249016,1.100000000,1.100000000
-15.977693894,40.018292292,1.100000000,1.100000000
-16.261369279,39.740677057,1.100000000,1.100000000
-16.552192592,39.471073259,1.100000000,1.100000000
-16.850509029,39.210151083,1.100000000,1.100000000
-17.156663310,38.958580395,1.100000000,1.100000000
-17.471000632,38.717031303,1.100000000,1.100000000
-17.793809227,38.486116392,1.100000000,1.100000000
-18.124662673,38.265723089,1.100000000,1.100000000
-18.462644556,38.055241275,1.100000000,1.100000000
-18.806828756,37.854051362,1.100000000,1.100000000
-19.156289234,37.661533762,1.100000000,1.100000000
-19.510099871,37.477068571,1.100000000,1.100000000
-19.867334548,37.300036359,1.100000000,1.100000000
-20.227190379,37.129982302,1.100000000,1.100000000
-20.589665056,36.967525748,1.100000000,1.100000000
-20.955077124,36.813716129,1.100000000,1.100000000
-21.323745924,36.669603912,1.100000000,1.100000000
-21.695990797,36.536239642,1.100000000,1.100000000
-22.072131003,36.414673705,1.100000000,1.100000000
-22.452485883,36.305956649,1.100000000,1.100000000
-22.837176045,36.210590793,1.100000000,1.100000000
-23.225608632,36.127111261,1.100000000,1.100000000
-23.617031038,36.053612512,1.100000000,1.100000000
-24.010690578,35.988188764,1.100000000,1.100000000
-24.405834566,35.928934319,1.100000000,1.100000000
-24.801710236,35.873943474,1.100000000,1.100000000
-25.197566893,35.821320793,1.100000000,1.100000000
-25.592916614,35.770664514,1.100000000,1.100000000
-25.987807771,35.724618306,1.100000000,1.100000000
-26.382354288,35.686196729,1.100000000,1.100000000
-26.776669853,35.658414505,1.100000000,1.100000000
-27.170868230,35.644286115,1.100000000,1.100000000
-27.565063345,35.646826280,1.100000000,1.100000000
-27.959360134,35.668348349,1.100000000,1.100000000
-28.353805376,35.706442629,1.100000000,1.100000000
-28.748421744,35.756749495,1.100000000,1.100000000
-29.143231833,35.814903115,1.100000000,1.100000000
-29.538258156,35.876537817,1.100000000,1.100000000
-29.933523309,35.937287928,1.100000000,1.100000000
-30.329049885,35.992787697,1.100000000,1.100000000
-30.724819188,36.039967031,1.100000000,1.100000000
-31.120659376,36.080562414,1.100000000,1.100000000
-31.516363443,36.117424362,1.100000000,1.100000000
-31.911724064,36.153403469,1.100000000,1.100000000
-32.306534152,36.191350331,1.100000000,1.100000000
-32.700586384,36.234115542,1.100000000,1.100000000
-33.093674468,36.284541505,1.100000000,1.100000000
-33.485717337,36.344124360,1.100000000,1.100000000
-33.876897891,36.411528353,1.100000000,1.100000000
-34.267432445,36.485059482,1.100000000,1.100000000
-34.657537234,36.563024145,1.100000000,1.100000000
-35.047428652,36.643728343,1.100000000,1.100000000
-35.437322854,36.725478392,1.100000000,1.100000000
-35.827431223,36.806606547,1.100000000,1.100000000
-36.217789956,36.886364498,1.100000000,1.100000000
-36.608217904,36.965145492,1.100000000,1.100000000
-36.998520391,37.043413744,1.100000000,1.100000000
-37.388502822,37.121633546,1.100000000,1.100000000
-37.777970362,37.200269270,1.100000000,1.100000000
-38.166728415,37.279785209,1.100000000,1.100000000
-38.554709518,37.360363229,1.100000000,1.100000000
-38.942335162,37.441100443,1.100000000,1.100000000
-39.330144342,37.520833412,1.100000000,1.100000000
-39.718675978,37.598398542,1.100000000,1.100000000
-40.108468904,37.672632475,1.100000000,1.100000000
-40.500062119,37.742371615,1.100000000,1.100000000
-40.893992151,37.806449502,1.100000000,1.100000000
-41.290347389,37.863116924,1.100000000,1.100000000
-41.688242447,37.909359080,1.100000000,1.100000000
-42.086664170,37.941994818,1.100000000,1.100000000
-42.484599483,37.957843224,1.100000000,1.100000000
-42.881035233,37.953723222,1.100000000,1.100000000
-43.274958344,37.926453900,1.100000000,1.100000000
-43.665352958,37.872903111,1.100000000,1.100000000
-44.051103769,37.791772171,1.100000000,1.100000000
-44.430968261,37.684102876,1.100000000,1.100000000
-44.803695804,37.551089133,1.100000000,1.100000000
-45.168035608,37.393925325,1.100000000,1.100000000
-45.522736962,37.213805360,1.100000000,1.100000000
-45.866549155,37.011923542,1.100000000,1.100000000
-46.198190291,36.789455800,1.100000000,1.100000000
-46.515919989,36.547313135,1.100000000,1.100000000
-46.817649010,36.286204319,1.100000000,1.100000000
-47.101279365,36.006833348,1.100000000,1.100000000
-47.364713145,35.709904060,1.100000000,1.100000000
-47.605852362,35.396120294,1.100000000,1.100000000
-47.822602287,35.066187717,1.100000000,1.100000000
-48.013520320,34.721140725,1.100000000,1.100000000
-48.178610598,34.362743725,1.100000000,1.100000000
-48.318071853,33.992859219,1.100000000,1.100000000
-48.432102499,33.613349708,1.100000000,1.100000000
-48.520901270,33.226077535,1.100000000,1.100000000
-48.584666658,32.832905280,1.100000000,1.100000000
-48.623597318,32.435695364,1.100000000,1.100000000
-48.637891743,32.036310210,1.100000000,1.100000000
-48.627748506,31.636612319,1.100000000,1.100000000
-48.593366260,31.238464112,1.100000000,1.100000000
-48.534943579,30.843728090,1.100000000,1.100000000
-48.452679037,30.454266756,1.100000000,1.100000000
-48.346771127,30.071942451,1.100000000,1.100000000
-48.217551839,29.698490942,1.100000000,1.100000000
-48.067378357,29.333722010,1.100000000,1.100000000
-47.900182851,28.975947621,1.100000000,1.100000000
-47.719939016,28.623440360,1.100000000,1.100000000
-47.530620550,28.274472895,1.100000000,1.100000000
-47.336200909,27.927317810,1.100000000,1.100000000
-47.140653871,27.580247771,1.100000000,1.100000000
-46.947542143,27.231727175,1.100000000,1.100000000
-46.757318719,26.881671533,1.100000000,1.100000000
-46.569013964,26.530660495,1.100000000,1.100000000
-46.381650761,26.179276973,1.100000000,1.100000000
-46.194252077,25.828103958,1.100000000,1.100000000
-46.005840954,25.477724441,1.100000000,1.100000000
-45.815440358,25.128721413,1.100000000,1.100000000
-45.622297522,24.781536096,1.100000000,1.100000000
-45.426588189,24.436022902,1.100000000,1.100000000
-45.228728438,24.091884447,1.100000000,1.100000000
-45.029134114,23.748823348,1.100000000,1.100000000
-44.828221217,23.406542223,1.100000000,1.100000000
-44.626405829,23.064743768,1.100000000,1.100000000
-44.424103793,22.723130521,1.100000000,1.100000000
-44.221731191,22.381405179,1.100000000,1.100000000
-44.019703944,22.039270279,1.100000000,1.100000000
-43.818437974,21.696428518,1.100000000,1.100000000
-43.618349364,21.352582513,1.100000000,1.100000000
-43.419854035,21.007434802,1.100000000,1.100000000
-43.223367990,20.660688161,1.100000000,1.100000000
-43.029278351,20.312067005,1.100000000,1.100000000
-42.836709437,19.962255921,1.100000000,1.100000000
-42.643058871,19.613252654,1.100000000,1.100000000
-42.445599530,19.267149547,1.100000000,1.100000000
-42.241604130,18.926038860,1.100000000,1.100000000
-42.028345788,18.592012933,1.100000000,1.100000000
-41.803097221,18.267164186,1.100000000,1.100000000
-41.563217307,17.953569685,1.100000000,1.100000000
-41.307465201,17.653058359,1.100000000,1.100000000
-41.035740820,17.367256902,1.100000000,1.100000000
-40.747977018,17.097786122,1.100000000,1.100000000
-40.444106808,16.846266908,1.100000000,1.100000000
-40.124063046,16.614320067,1.100000000,1.100000000
-39.787781130,16.403566249,1.100000000,1.100000000
-39.435884309,16.215547659,1.100000000,1.100000000
-39.070638354,16.051620182,1.100000000,1.100000000
-38.694548906,15.913112095,1.100000000,1.100000000
-38.310121440,15.801351837,1.100000000,1.100000000
-37.919861595,15.717667924,1.100000000,1.100000000
-37.526275009,15.663388634,1.100000000,1.100000000
-37.131850134,15.639806923,1.100000000,1.100000000
-36.738307622,15.646613473,1.100000000,1.100000000
-36.346304054,15.681279896,1.100000000,1.100000000
-35.956417966,15.741114707,1.100000000,1.100000000
-35.569227975,15.823426586,1.100000000,1.100000000
-35.185312695,15.925523970,1.100000000,1.100000000
-34.805250584,16.044715538,1.100000000,1.100000000
-34.429731477,16.178565660,1.100000000,1.100000000
-34.061285992,16.328874627,1.100000000,1.100000000
-33.703958632,16.500925795,1.100000000,1.100000000
-33.361838768,16.700105709,1.100000000,1.100000000
-33.038411699,16.930124255,1.100000000,1.100000000
-32.734545706,17.187427716,1.100000000,1.100000000
-32.450400460,17.466495894,1.100000000,1.100000000
-32.185765135,17.761980751,1.100000000,1.100000000
-31.937441235,18.069924182,1.100000000,1.100000000
-31.700788220,18.387038747,1.100000000,1.100000000
-31.471156001,18.710041461,1.100000000,1.100000000
-31.243894809,19.035649258,1.100000000,1.100000000
-31.014354637,19.360579232,1.100000000,1.100000000
-30.777885557,19.681548239,1.100000000,1.100000000
-30.530448634,19.995270587,1.100000000,1.100000000
-30.270680268,20.298448892,1.100000000,1.100000000
-29.997948381,20.587782347,1.100000000,1.100000000
-29.711658208,20.860054158,1.100000000,1.100000000
-29.412961171,21.116017089,1.100000000,1.100000000
-29.105474475,21.362028038,1.100000000,1.100000000
-28.792998382,21.604860220,1.100000000,1.100000000
-28.478129860,21.848820596,1.100000000,1.100000000
-28.160516872,22.092169101,1.100000000,1.100000000
-27.839363613,22.332256340,1.100000000,1.100000000
-27.513874116,22.566432518,1.100000000,1.100000000
-27.183252578,22.792048079,1.100000000,1.100000000
-26.846703193,23.006453470,1.100000000,1.100000000
-26.503440498,23.207025148,1.100000000,1.100000000
-26.153188908,23.392416617,1.100000000,1.100000000
-25.796403647,23.563112538,1.100000000,1.100000000
-25.433596582,23.719738702,1.100000000,1.100000000
-25.065279263,23.862920981,1.100000000,1.100000000
-24.691963558,23.993285169,1.100000000,1.100000000
-24.314161015,24.111457138,1.100000000,1.100000000
-23.932383503,24.218062681,1.100000000,1.100000000
-23.547142570,24.313727670,1.100000000,1.100000000
-23.158950085,24.399077897,1.100000000,1.100000000
-22.768317756,24.474739315,1.100000000,1.100000000
-22.375757132,24.541337717,1.100000000,1.100000000
-21.981780082,24.599498895,1.100000000,1.100000000
-21.586897995,24.649848881,1.100000000,1.100000000
-21.191509529,24.693108139,1.100000000,1.100000000
-20.795728531,24.730234692,1.100000000,1.100000000
-20.399624771,24.762223635,1.100000000,1.100000000
-20.003267862,24.790070141,1.100000000,1.100000000
-19.606727575,24.814769305,1.100000000,1.100000000
-19.210073602,24.837316143,1.100000000,1.100000000
-18.813374917,24.858698829,1.100000000,1.100000000
-18.416666845,24.879534801,1.100000000,1.100000000
-18.019934986,24.899896853,1.100000000,1.100000000
-17.623160961,24.919814025,1.100000000,1.100000000
-17.226326235,24.939315434,1.100000000,1.100000000
-16.829412589,24.958430198,1.100000000,1.100000000
-16.432401565,24.977187274,1.100000000,1.100000000
-16.035275820,24.995600109,1.100000000,1.100000000
-15.638037185,25.013391924,1.100000000,1.100000000
-15.240704672,25.030030805,1.100000000,1.100000000
-14.843297615,25.044976003,1.100000000,1.100000000
-14.445835505,25.057686772,1.100000000,1.100000000
-14.048337754,25.067622366,1.100000000,1.100000000
-13.650823852,25.074242038,1.100000000,1.100000000
-13.253311780,25.077094543,1.100000000,1.100000000
-12.855806709,25.076520700,1.100000000,1.100000000
-12.458307287,25.073274868,1.100000000,1.100000000
-12.060811922,25.068115299,1.100000000,1.100000000
-11.663319103,25.061799932,1.100000000,1.100000000
-11.265827318,25.055086940,1.100000000,1.100000000
-10.868335056,25.048734339,1.100000000,1.100000000
-10.470841044,25.043389165,1.100000000,1.100000000
-10.073345281,25.039167411,1.100000000,1.100000000
-9.675848086,25.036026911,1.100000000,1.100000000
-9.278349937,25.033925263,1.100000000,1.100000000
-8.880850992,25.032820061,1.100000000,1.100000000
-8.483351809,25.032669142,1.100000000,1.100000000
-8.085852545,25.033430102,1.100000000,1.100000000
-7.688353680,25.035060536,1.100000000,1.100000000
-7.290855531,25.037518201,1.100000000,1.100000000
-6.893358495,25.040760692,1.100000000,1.100000000
-6.495862812,25.044745845,1.100000000,1.100000000
-6.098368959,25.049431097,1.100000000,1.100000000
-5.700877253,25.054774282,1.100000000,1.100000000
-5.303388014,25.060733077,1.100000000,1.100000000
-4.905901639,25.067264998,1.100000000,1.100000000
-4.508418367,25.074327880,1.100000000,1.100000000
-4.110938754,25.081879320,1.100000000,1.100000000
-3.713462961,25.089877072,1.100000000,1.100000000
-3.315991463,25.098278655,1.100000000,1.100000000
-2.918524499,25.107041822,1.100000000,1.100000000
-2.521062548,25.116124250,1.100000000,1.100000000
-2.123605928,25.125483616,1.100000000,1.100000000
-1.726154955,25.135077514,1.100000000,1.100000000
-1.328709950,25.144863700,1.100000000,1.100000000
-0.931271388,25.154799851,1.100000000,1.100000000
-0.533839510,25.164843563,1.100000000,1.100000000
-0.136414712,25.174952591,1.100000000,1.100000000
0.261002926,25.185092248,1.100000000,1.100000000
0.658414279,25.195249089,1.100000000,1.100000000
1.055820223,25.205413329,1.100000000,1.100000000
1.453221711,25.215575182,1.100000000,1.100000000
1.850619618,25.225724863,1.100000000,1.100000000
2.248015060,25.235852428,1.100000000,1.100000000
2.645408831,25.245948249,1.100000000,1.100000000
3.042801886,25.256002462,1.100000000,1.100000000
3.440195180,25.266005202,1.100000000,1.100000000
3.837589667,25.275946763,1.100000000,1.100000000
4.234986302,25.285817279,1.100000000,1.100000000
4.632385960,25.295606967,1.100000000,1.100000000
5.029789676,25.305305959,1.100000000,1.100000000
5.427198244,25.314904551,1.100000000,1.100000000
5.824612780,25.324392957,1.100000000,1.100000000
6.222034077,25.333761233,1.100000000,1.100000000
6.619463092,25.342999751,1.100000000,1.100000000
7.016900858,25.352098568,1.100000000,1.100000000
7.414348250,25.361047898,1.100000000,1.100000000
7.811806223,25.369838035,1.100000000,1.100000000
8.209275732,25.378459035,1.100000000,1.100000000
8.606757652,25.386901271,1.100000000,1.100000000
9.004252937,25.395154798,1.100000000,1.100000000
9.401762543,25.403209832,1.100000000,1.100000000
9.799287503,25.411056586,1.100000000,1.100000000
10.196828613,25.418685275,1.100000000,1.100000000
10.594386907,25.426086114,1.100000000,1.100000000
10.991961590,25.433317656,1.100000000,1.100000000
11.389543751,25.440798689,1.100000000,1.100000000
11.787121457,25.449066457,1.100000000,1.100000000
12.184682774,25.458658207,1.100000000,1.100000000
12.582216008,25.470111185,1.100000000,1.100000000
12.979709146,25.483962559,1.100000000,1.100000000
13.377150332,25.500748619,1.100000000,1.100000000
13.774492869,25.519957657,1.100000000,1.100000000
14.171587666,25.538003178,1.100000000,1.100000000
14.568267018,25.550737974,1.100000000,1.100000000
14.964363379,25.554014675,1.100000000,1.100000000
15.359708884,25.543686150,1.100000000,1.100000000
15.754135986,25.515605191,1.100000000,1.100000000
16.147465605,25.465642169,1.100000000,1.100000000
16.538643852,25.391031296,1.100000000,1.100000000
16.925136051,25.291315361,1.100000000,1.100000000
17.304264247,25.166260467,1.100000000,1.100000000
17.673350402,25.015632718,1.100000000,1.100000000
18.029716558,24.839198136,1.100000000,1.100000000
18.370684760,24.636722826,1.100000000,1.100000000
18.693610144,24.408022533,1.100000000,1.100000000
18.996615652,24.154067930,1.100000000,1.100000000
19.278597275,23.876992408,1.100000000,1.100000000
19.538485135,23.578980355,1.100000000,1.100000000
19.775209115,23.262216077,1.100000000,1.100000000
19.987699179,22.928884203,1.100000000,1.100000000
20.174886401,22.581168959,1.100000000,1.100000000
20.336965380,22.221270009,1.100000000,1.100000000
20.477881487,21.851431885,1.100000000,1.100000000
20.602272958,21.473907472,1.100000000,1.100000000
20.714778026,21.090949577,1.100000000,1.100000000
20.820034765,20.704811166,1.100000000,1.100000000
20.922681408,20.317745124,1.100000000,1.100000000
21.027331209,19.931991767,1.100000000,1.100000000
21.136619801,19.548806818,1.100000000,1.100000000
21.249801419,19.167762022,1.100000000,1.100000000
21.365799104,18.788264047,1.100000000,1.100000000
21.483535739,18.409719798,1.100000000,1.100000000
21.601934365,18.031535940,1.100000000,1.100000000
21.719917943,17.653119299,1.100000000,1.100000000
21.836436725,17.273891817,1.100000000,1.100000000
21.951087197,16.893638133,1.100000000,1.100000000
22.064124738,16.512512508,1.100000000,1.100000000
22.175834318,16.130685671,1.100000000,1.100000000
22.286500991,15.748328349,1.100000000,1.100000000
22.396409726,15.365611432,1.100000000,1.100000000
22.505845577,14.982705806,1.100000000,1.100000000
22.615093436,14.599782041,1.100000000,1.100000000
22.724438433,14.217011184,1.100000000,1.100000000
22.834165541,13.834563884,1.100000000,1.100000000
22.944559731,13.452610949,1.100000000,1.100000000
23.055905976,13.071323188,1.100000000,1.100000000
23.168489328,12.690871488,1.100000000,1.100000000
23.282594758,12.311426577,1.100000000,1.100000000
23.398278512,11.932890840,1.100000000,1.100000000
23.514299110,11.553645298,1.100000000,1.100000000
23.628958413,11.171535000,1.100000000,1.100000000
23.740440700,10.784438727,1.100000000,1.100000000
23.836438793,10.393304157,1.100000000,1.100000000
23.885994882,10.004534090,1.100000000,1.100000000
23.856236948,9.625092839,1.100000000,1.100000000
23.727006044,9.261564593,1.100000000,1.100000000
23.517567855,8.919353876,1.100000000,1.100000000
23.254807760,8.603637439,1.100000000,1.100000000
22.965133166,8.319300780,1.100000000,1.100000000
22.663248532,8.064096739,1.100000000,1.100000000
22.351744781,7.828395301,1.100000000,1.100000000
22.032647584,7.602266280,1.100000000,1.100000000
21.707524366,7.379343871,1.100000000,1.100000000
21.377136089,7.159537617,1.100000000,1.100000000
21.042161448,6.943395346,1.100000000,1.100000000
20.703279223,6.731464804,1.100000000,1.100000000
20.361168190,6.524293741,1.100000000,1.100000000
20.016507206,6.322429903,1.100000000,1.100000000
19.669962560,6.126389773,1.100000000,1.100000000
19.321891539,5.935905483,1.100000000,1.100000000
18.972327796,5.749887902,1.100000000,1.100000000
18.621289470,5.567208997,1.100000000,1.100000000
18.268794780,5.386740813,1.100000000,1.100000000
17.914861943,5.207355394,1.100000000,1.100000000
17.559509180,5.027925424,1.100000000,1.100000000
17.202464166,4.848844867,1.100000000,1.100000000
16.842536098,4.675321582,1.100000000,1.100000000
16.478352782,4.513513336,1.100000000,1.100000000
16.108596920,4.369358873,1.100000000,1.100000000
15.733361114,4.243160989,1.100000000,1.100000000
15.354236817,4.129230504,1.100000000,1.100000000
14.972882944,4.021608307,1.100000000,1.100000000
14.590462613,3.916207650,1.100000000,1.100000000
14.207242182,3.812329548,1.100000000,1.100000000
13.823393809,3.709631352,1.100000000,1.100000000
13.439089418,3.607770649,1.100000000,1.100000000
13.054501089,3.506404868,1.100000000,1.100000000
12.669800903,3.405191517,1.100000000,1.100000000
12.285157680,3.303794550,1.100000000,1.100000000
11.900655033,3.202049999,1.100000000,1.100000000
11.516285087,3.099978948,1.100000000,1.100000000
11.132035272,2.997611469,1.100000000,1.100000000
10.747893335,2.894977873,1.100000000,1.100000000
10.363846628,2.792108232,1.100000000,1.100000000
9.979882739,2.689032778,1.100000000,1.100000000
9.595989338,2.585781662,1.100000000,1.100000000
9.212153774,2.482385118,1.100000000,1.100000000
8.828363716,2.378873295,1.100000000,1.100000000
8.444606755,2.275276347,1.100000000,1.100000000
8.060870239,2.171624585,1.100000000,1.100000000
7.677141917,2.067948000,1.100000000,1.100000000
7.293409141,1.964276905,1.100000000,1.100000000
6.909661089,1.860638031,1.100000000,1.100000000
6.525895217,1.757037423,1.100000000,1.100000000
6.142112479,1.653473332,1.100000000,1.100000000
5.758313670,1.549944007,1.100000000,1.100000000
5.374499825,1.446447778,1.100000000,1.100000000
4.990671581,1.342982815,1.100000000,1.100000000
4.606829970,1.239547526,1.100000000,1.100000000
4.222975790,1.136140002,1.100000000,1.100000000
3.839109915,1.032758653,1.100000000,1.100000000
3.455233300,0.929401648,1.100000000,1.100000000
3.071346661,0.826067316,1.100000000,1.100000000
2.687451032,0.722753908,1.100000000,1.100000000
2.303547129,0.619459673,1.100000000,1.100000000
1.919635907,0.516182861,1.100000000,1.100000000
1.535718161,0.412921801,1.100000000,1.100000000
1.151794846,0.309674744,1.100000000,1.100000000
0.767866837,0.206439858,1.100000000,1.100000000
0.383934930,0.103215553,1.100000000,1.100000000
